,ds,trend,yhat_lower,yhat_upper,trend_lower,trend_upper,Christmas Day,Christmas Day_lower,Christmas Day_upper,Christmas Day (observed),Christmas Day (observed)_lower,Christmas Day (observed)_upper,Columbus Day,Columbus Day_lower,Columbus Day_upper,Independence Day,Independence Day_lower,Independence Day_upper,Independence Day (observed),Independence Day (observed)_lower,Independence Day (observed)_upper,Labor Day,Labor Day_lower,Labor Day_upper,Martin Luther King Jr. Day,Martin Luther King Jr. Day_lower,Martin Luther King Jr. Day_upper,Memorial Day,Memorial Day_lower,Memorial Day_upper,New Year's Day,New Year's Day_lower,New Year's Day_upper,New Year's Day (observed),New Year's Day (observed)_lower,New Year's Day (observed)_upper,Thanksgiving Day,Thanksgiving Day_lower,Thanksgiving Day_upper,Veterans Day,Veterans Day_lower,Veterans Day_upper,Veterans Day (observed),Veterans Day (observed)_lower,Veterans Day (observed)_upper,Washington's Birthday,Washington's Birthday_lower,Washington's Birthday_upper,additive_terms,additive_terms_lower,additive_terms_upper,holidays,holidays_lower,holidays_upper,yearly,yearly_lower,yearly_upper,multiplicative_terms,multiplicative_terms_lower,multiplicative_terms_upper,yhat
0,2008-01-31,-0.3364146794,-10.767630274624384,18.580765577412933,-0.3364146794,-0.3364146794,0.0,0.0,0.0,0.0,0.0,0.0,0.0,0.0,0.0,0.0,0.0,0.0,0.0,0.0,0.0,0.0,0.0,0.0,0.0,0.0,0.0,0.0,0.0,0.0,0.0,0.0,0.0,0.0,0.0,0.0,0.0,0.0,0.0,0.0,0.0,0.0,0.0,0.0,0.0,0.0,0.0,0.0,3.7177250343530677,3.7177250343530677,3.7177250343530677,0.0,0.0,0.0,3.7177250343530677,3.7177250343530677,3.7177250343530677,0.0,0.0,0.0,3.381310354953068
1,2008-02-29,-0.3111374563731628,-17.77988964197498,12.766367007831978,-0.3111374563731628,-0.3111374563731628,0.0,0.0,0.0,0.0,0.0,0.0,0.0,0.0,0.0,0.0,0.0,0.0,0.0,0.0,0.0,0.0,0.0,0.0,0.0,0.0,0.0,0.0,0.0,0.0,0.0,0.0,0.0,0.0,0.0,0.0,0.0,0.0,0.0,0.0,0.0,0.0,0.0,0.0,0.0,0.0,0.0,0.0,-2.8098880462125067,-2.8098880462125067,-2.8098880462125067,0.0,0.0,0.0,-2.8098880462125067,-2.8098880462125067,-2.8098880462125067,0.0,0.0,0.0,-3.1210255025856695
2,2008-03-31,-0.284116976585854,-10.141119476739604,19.979050689503655,-0.284116976585854,-0.284116976585854,0.0,0.0,0.0,0.0,0.0,0.0,0.0,0.0,0.0,0.0,0.0,0.0,0.0,0.0,0.0,0.0,0.0,0.0,0.0,0.0,0.0,0.0,0.0,0.0,0.0,0.0,0.0,0.0,0.0,0.0,0.0,0.0,0.0,0.0,0.0,0.0,0.0,0.0,0.0,0.0,0.0,0.0,5.136873458348116,5.136873458348116,5.136873458348116,0.0,0.0,0.0,5.136873458348116,5.136873458348116,5.136873458348116,0.0,0.0,0.0,4.852756481762262
3,2008-04-30,-0.25796812517878104,-15.629878165561077,12.499275593791275,-0.25796812517878104,-0.25796812517878104,0.0,0.0,0.0,0.0,0.0,0.0,0.0,0.0,0.0,0.0,0.0,0.0,0.0,0.0,0.0,0.0,0.0,0.0,0.0,0.0,0.0,0.0,0.0,0.0,0.0,0.0,0.0,0.0,0.0,0.0,0.0,0.0,0.0,0.0,0.0,0.0,0.0,0.0,0.0,0.0,0.0,0.0,-1.3000825770220314,-1.3000825770220314,-1.3000825770220314,0.0,0.0,0.0,-1.3000825770220314,-1.3000825770220314,-1.3000825770220314,0.0,0.0,0.0,-1.5580507022008125
4,2008-05-31,-0.23094764539147233,-20.982012685482573,8.644659519581646,-0.23094764539147233,-0.23094764539147233,0.0,0.0,0.0,0.0,0.0,0.0,0.0,0.0,0.0,0.0,0.0,0.0,0.0,0.0,0.0,0.0,0.0,0.0,0.0,0.0,0.0,0.0,0.0,0.0,0.0,0.0,0.0,0.0,0.0,0.0,0.0,0.0,0.0,0.0,0.0,0.0,0.0,0.0,0.0,0.0,0.0,0.0,-6.154065146377053,-6.154065146377053,-6.154065146377053,0.0,0.0,0.0,-6.154065146377053,-6.154065146377053,-6.154065146377053,0.0,0.0,0.0,-6.385012791768525
5,2008-06-30,-0.2047987947714365,-21.48999403222635,8.243195094827133,-0.2047987947714365,-0.2047987947714365,0.0,0.0,0.0,0.0,0.0,0.0,0.0,0.0,0.0,0.0,0.0,0.0,0.0,0.0,0.0,0.0,0.0,0.0,0.0,0.0,0.0,0.0,0.0,0.0,0.0,0.0,0.0,0.0,0.0,0.0,0.0,0.0,0.0,0.0,0.0,0.0,0.0,0.0,0.0,0.0,0.0,0.0,-6.337519031259995,-6.337519031259995,-6.337519031259995,0.0,0.0,0.0,-6.337519031259995,-6.337519031259995,-6.337519031259995,0.0,0.0,0.0,-6.542317826031431
6,2008-07-31,-0.17777831579739956,-19.115851230079,10.510828993501498,-0.17777831579739956,-0.17777831579739956,0.0,0.0,0.0,0.0,0.0,0.0,0.0,0.0,0.0,0.0,0.0,0.0,0.0,0.0,0.0,0.0,0.0,0.0,0.0,0.0,0.0,0.0,0.0,0.0,0.0,0.0,0.0,0.0,0.0,0.0,0.0,0.0,0.0,0.0,0.0,0.0,0.0,0.0,0.0,0.0,0.0,0.0,-4.176660471815809,-4.176660471815809,-4.176660471815809,0.0,0.0,0.0,-4.176660471815809,-4.176660471815809,-4.176660471815809,0.0,0.0,0.0,-4.3544387876132085
7,2008-08-31,-0.15075783682336258,-14.392744493134543,14.913837391187295,-0.15075783682336258,-0.15075783682336258,0.0,0.0,0.0,0.0,0.0,0.0,0.0,0.0,0.0,0.0,0.0,0.0,0.0,0.0,0.0,0.0,0.0,0.0,0.0,0.0,0.0,0.0,0.0,0.0,0.0,0.0,0.0,0.0,0.0,0.0,0.0,0.0,0.0,0.0,0.0,0.0,0.0,0.0,0.0,0.0,0.0,0.0,0.2634289353026155,0.2634289353026155,0.2634289353026155,0.0,0.0,0.0,0.2634289353026155,0.2634289353026155,0.2634289353026155,0.0,0.0,0.0,0.11267109847925294
8,2008-09-30,-0.12460898620332672,-15.568059286331776,13.112495749262525,-0.12460898620332672,-0.12460898620332672,0.0,0.0,0.0,0.0,0.0,0.0,0.0,0.0,0.0,0.0,0.0,0.0,0.0,0.0,0.0,0.0,0.0,0.0,0.0,0.0,0.0,0.0,0.0,0.0,0.0,0.0,0.0,0.0,0.0,0.0,0.0,0.0,0.0,0.0,0.0,0.0,0.0,0.0,0.0,0.0,0.0,0.0,-0.5846379620209645,-0.5846379620209645,-0.5846379620209645,0.0,0.0,0.0,-0.5846379620209645,-0.5846379620209645,-0.5846379620209645,0.0,0.0,0.0,-0.7092469482242912
9,2008-10-31,-0.09758853177437128,-11.474716720725086,16.44417321826293,-0.09758853177437128,-0.09758853177437128,0.0,0.0,0.0,0.0,0.0,0.0,0.0,0.0,0.0,0.0,0.0,0.0,0.0,0.0,0.0,0.0,0.0,0.0,0.0,0.0,0.0,0.0,0.0,0.0,0.0,0.0,0.0,0.0,0.0,0.0,0.0,0.0,0.0,0.0,0.0,0.0,0.0,0.0,0.0,0.0,0.0,0.0,3.293555199363422,3.293555199363422,3.293555199363422,0.0,0.0,0.0,3.293555199363422,3.293555199363422,3.293555199363422,0.0,0.0,0.0,3.1959666675890506
10,2008-11-30,-0.07143970490764018,-20.677371503085563,8.685969517437583,-0.07143970490764018,-0.07143970490764018,0.0,0.0,0.0,0.0,0.0,0.0,0.0,0.0,0.0,0.0,0.0,0.0,0.0,0.0,0.0,0.0,0.0,0.0,0.0,0.0,0.0,0.0,0.0,0.0,0.0,0.0,0.0,0.0,0.0,0.0,0.0,0.0,0.0,0.0,0.0,0.0,0.0,0.0,0.0,0.0,0.0,0.0,-5.04962779594903,-5.04962779594903,-5.04962779594903,0.0,0.0,0.0,-5.04962779594903,-5.04962779594903,-5.04962779594903,0.0,0.0,0.0,-5.121067500856671
11,2008-12-31,-0.044419250478684745,-7.564817151899535,22.864047390810857,-0.044419250478684745,-0.044419250478684745,0.0,0.0,0.0,0.0,0.0,0.0,0.0,0.0,0.0,0.0,0.0,0.0,0.0,0.0,0.0,0.0,0.0,0.0,0.0,0.0,0.0,0.0,0.0,0.0,0.0,0.0,0.0,0.0,0.0,0.0,0.0,0.0,0.0,0.0,0.0,0.0,0.0,0.0,0.0,0.0,0.0,0.0,8.115437228735875,8.115437228735875,8.115437228735875,0.0,0.0,0.0,8.115437228735875,8.115437228735875,8.115437228735875,0.0,0.0,0.0,8.07101797825719
12,2009-01-31,-0.017398796049729305,-13.89298895647794,16.504816231096807,-0.017398796049729305,-0.017398796049729305,0.0,0.0,0.0,0.0,0.0,0.0,0.0,0.0,0.0,0.0,0.0,0.0,0.0,0.0,0.0,0.0,0.0,0.0,0.0,0.0,0.0,0.0,0.0,0.0,0.0,0.0,0.0,0.0,0.0,0.0,0.0,0.0,0.0,0.0,0.0,0.0,0.0,0.0,0.0,0.0,0.0,0.0,1.2580818022708118,1.2580818022708118,1.2580818022708118,0.0,0.0,0.0,1.2580818022708118,1.2580818022708118,1.2580818022708118,0.0,0.0,0.0,1.2406830062210825
13,2009-02-28,0.007006775612700918,-17.736445518466276,11.29234745004653,0.007006775612700918,0.007006775612700918,0.0,0.0,0.0,0.0,0.0,0.0,0.0,0.0,0.0,0.0,0.0,0.0,0.0,0.0,0.0,0.0,0.0,0.0,0.0,0.0,0.0,0.0,0.0,0.0,0.0,0.0,0.0,0.0,0.0,0.0,0.0,0.0,0.0,0.0,0.0,0.0,0.0,0.0,0.0,0.0,0.0,0.0,-3.452474237713698,-3.452474237713698,-3.452474237713698,0.0,0.0,0.0,-3.452474237713698,-3.452474237713698,-3.452474237713698,0.0,0.0,0.0,-3.4454674621009973
14,2009-03-31,0.034027229953248646,-8.25535152060488,21.82300880223173,0.034027229953248646,0.034027229953248646,0.0,0.0,0.0,0.0,0.0,0.0,0.0,0.0,0.0,0.0,0.0,0.0,0.0,0.0,0.0,0.0,0.0,0.0,0.0,0.0,0.0,0.0,0.0,0.0,0.0,0.0,0.0,0.0,0.0,0.0,0.0,0.0,0.0,0.0,0.0,0.0,0.0,0.0,0.0,0.0,0.0,0.0,6.457913720787649,6.457913720787649,6.457913720787649,0.0,0.0,0.0,6.457913720787649,6.457913720787649,6.457913720787649,0.0,0.0,0.0,6.491940950740897
15,2009-04-30,0.06017605673442382,-17.81105133683063,12.732860734806733,0.06017605673442382,0.06017605673442382,0.0,0.0,0.0,0.0,0.0,0.0,0.0,0.0,0.0,0.0,0.0,0.0,0.0,0.0,0.0,0.0,0.0,0.0,0.0,0.0,0.0,0.0,0.0,0.0,0.0,0.0,0.0,0.0,0.0,0.0,0.0,0.0,0.0,0.0,0.0,0.0,0.0,0.0,0.0,0.0,0.0,0.0,-1.6397268888586232,-1.6397268888586232,-1.6397268888586232,0.0,0.0,0.0,-1.6397268888586232,-1.6397268888586232,-1.6397268888586232,0.0,0.0,0.0,-1.5795508321241993
16,2009-05-31,0.0871965110749715,-21.478162367912166,8.484020807050598,0.0871965110749715,0.0871965110749715,0.0,0.0,0.0,0.0,0.0,0.0,0.0,0.0,0.0,0.0,0.0,0.0,0.0,0.0,0.0,0.0,0.0,0.0,0.0,0.0,0.0,0.0,0.0,0.0,0.0,0.0,0.0,0.0,0.0,0.0,0.0,0.0,0.0,0.0,0.0,0.0,0.0,0.0,0.0,0.0,0.0,0.0,-6.346761043121223,-6.346761043121223,-6.346761043121223,0.0,0.0,0.0,-6.346761043121223,-6.346761043121223,-6.346761043121223,0.0,0.0,0.0,-6.259564532046252
17,2009-06-30,0.11334533785614667,-21.91635405266149,7.561781204357117,0.11334533785614667,0.11334533785614667,0.0,0.0,0.0,0.0,0.0,0.0,0.0,0.0,0.0,0.0,0.0,0.0,0.0,0.0,0.0,0.0,0.0,0.0,0.0,0.0,0.0,0.0,0.0,0.0,0.0,0.0,0.0,0.0,0.0,0.0,0.0,0.0,0.0,0.0,0.0,0.0,0.0,0.0,0.0,0.0,0.0,0.0,-7.377593926387846,-7.377593926387846,-7.377593926387846,0.0,0.0,0.0,-7.377593926387846,-7.377593926387846,-7.377593926387846,0.0,0.0,0.0,-7.264248588531699
18,2009-07-31,0.1403657838618454,-18.525594184821145,12.402799286341358,0.1403657838618454,0.1403657838618454,0.0,0.0,0.0,0.0,0.0,0.0,0.0,0.0,0.0,0.0,0.0,0.0,0.0,0.0,0.0,0.0,0.0,0.0,0.0,0.0,0.0,0.0,0.0,0.0,0.0,0.0,0.0,0.0,0.0,0.0,0.0,0.0,0.0,0.0,0.0,0.0,0.0,0.0,0.0,0.0,0.0,0.0,-3.041647537875038,-3.041647537875038,-3.041647537875038,0.0,0.0,0.0,-3.041647537875038,-3.041647537875038,-3.041647537875038,0.0,0.0,0.0,-2.9012817540131928
19,2009-08-31,0.16738622986754415,-14.729929687072422,15.27557170895081,0.16738622986754415,0.16738622986754415,0.0,0.0,0.0,0.0,0.0,0.0,0.0,0.0,0.0,0.0,0.0,0.0,0.0,0.0,0.0,0.0,0.0,0.0,0.0,0.0,0.0,0.0,0.0,0.0,0.0,0.0,0.0,0.0,0.0,0.0,0.0,0.0,0.0,0.0,0.0,0.0,0.0,0.0,0.0,0.0,0.0,0.0,0.5303241093010396,0.5303241093010396,0.5303241093010396,0.0,0.0,0.0,0.5303241093010396,0.5303241093010396,0.5303241093010396,0.0,0.0,0.0,0.6977103391685837
20,2009-09-30,0.19353504858273646,-16.429710907811668,13.38054939886582,0.19353504858273646,0.19353504858273646,0.0,0.0,0.0,0.0,0.0,0.0,0.0,0.0,0.0,0.0,0.0,0.0,0.0,0.0,0.0,0.0,0.0,0.0,0.0,0.0,0.0,0.0,0.0,0.0,0.0,0.0,0.0,0.0,0.0,0.0,0.0,0.0,0.0,0.0,0.0,0.0,0.0,0.0,0.0,0.0,0.0,0.0,-2.03677131514731,-2.03677131514731,-2.03677131514731,0.0,0.0,0.0,-2.03677131514731,-2.03677131514731,-2.03677131514731,0.0,0.0,0.0,-1.8432362665645734
21,2009-10-31,0.22055549458843515,-9.673177070746146,19.087502143177186,0.22055549458843515,0.22055549458843515,0.0,0.0,0.0,0.0,0.0,0.0,0.0,0.0,0.0,0.0,0.0,0.0,0.0,0.0,0.0,0.0,0.0,0.0,0.0,0.0,0.0,0.0,0.0,0.0,0.0,0.0,0.0,0.0,0.0,0.0,0.0,0.0,0.0,0.0,0.0,0.0,0.0,0.0,0.0,0.0,0.0,0.0,4.992437825327918,4.992437825327918,4.992437825327918,0.0,0.0,0.0,4.992437825327918,4.992437825327918,4.992437825327918,0.0,0.0,0.0,5.212993319916353
22,2009-11-30,0.24670431085050618,-19.5778412859572,10.011155405276346,0.24670431085050618,0.24670431085050618,0.0,0.0,0.0,0.0,0.0,0.0,0.0,0.0,0.0,0.0,0.0,0.0,0.0,0.0,0.0,0.0,0.0,0.0,0.0,0.0,0.0,0.0,0.0,0.0,0.0,0.0,0.0,0.0,0.0,0.0,0.0,0.0,0.0,0.0,0.0,0.0,0.0,0.0,0.0,0.0,0.0,0.0,-5.108943022096881,-5.108943022096881,-5.108943022096881,0.0,0.0,0.0,-5.108943022096881,-5.108943022096881,-5.108943022096881,0.0,0.0,0.0,-4.862238711246374
23,2009-12-31,0.2737247543213129,-8.991647415983198,21.94851882519689,0.2737247543213129,0.2737247543213129,0.0,0.0,0.0,0.0,0.0,0.0,0.0,0.0,0.0,0.0,0.0,0.0,0.0,0.0,0.0,0.0,0.0,0.0,0.0,0.0,0.0,0.0,0.0,0.0,0.0,0.0,0.0,0.0,0.0,0.0,0.0,0.0,0.0,0.0,0.0,0.0,0.0,0.0,0.0,0.0,0.0,0.0,6.597528439385576,6.597528439385576,6.597528439385576,0.0,0.0,0.0,6.597528439385576,6.597528439385576,6.597528439385576,0.0,0.0,0.0,6.871253193706889
24,2010-01-31,0.30074519779211983,-11.5507006983113,18.627026082634444,0.30074519779211983,0.30074519779211983,0.0,0.0,0.0,0.0,0.0,0.0,0.0,0.0,0.0,0.0,0.0,0.0,0.0,0.0,0.0,0.0,0.0,0.0,0.0,0.0,0.0,0.0,0.0,0.0,0.0,0.0,0.0,0.0,0.0,0.0,0.0,0.0,0.0,0.0,0.0,0.0,0.0,0.0,0.0,0.0,0.0,0.0,2.0622104698027486,2.0622104698027486,2.0622104698027486,0.0,0.0,0.0,2.0622104698027486,2.0622104698027486,2.0622104698027486,0.0,0.0,0.0,2.3629556675948686
25,2010-02-28,0.3251507596367196,-19.48561814003887,10.960764850395693,0.3251507596367196,0.3251507596367196,0.0,0.0,0.0,0.0,0.0,0.0,0.0,0.0,0.0,0.0,0.0,0.0,0.0,0.0,0.0,0.0,0.0,0.0,0.0,0.0,0.0,0.0,0.0,0.0,0.0,0.0,0.0,0.0,0.0,0.0,0.0,0.0,0.0,0.0,0.0,0.0,0.0,0.0,0.0,0.0,0.0,0.0,-4.080895056557419,-4.080895056557419,-4.080895056557419,0.0,0.0,0.0,-4.080895056557419,-4.080895056557419,-4.080895056557419,0.0,0.0,0.0,-3.7557442969206996
26,2010-03-31,0.35217121354482817,-6.74611226310802,23.822383254805892,0.35217121354482817,0.35217121354482817,0.0,0.0,0.0,0.0,0.0,0.0,0.0,0.0,0.0,0.0,0.0,0.0,0.0,0.0,0.0,0.0,0.0,0.0,0.0,0.0,0.0,0.0,0.0,0.0,0.0,0.0,0.0,0.0,0.0,0.0,0.0,0.0,0.0,0.0,0.0,0.0,0.0,0.0,0.0,0.0,0.0,0.0,7.776396655709616,7.776396655709616,7.776396655709616,0.0,0.0,0.0,7.776396655709616,7.776396655709616,7.776396655709616,0.0,0.0,0.0,8.128567869254443
27,2010-04-30,0.37832003990751395,-16.27094783047956,13.20870189986978,0.37832003990751395,0.37832003990751395,0.0,0.0,0.0,0.0,0.0,0.0,0.0,0.0,0.0,0.0,0.0,0.0,0.0,0.0,0.0,0.0,0.0,0.0,0.0,0.0,0.0,0.0,0.0,0.0,0.0,0.0,0.0,0.0,0.0,0.0,0.0,0.0,0.0,0.0,0.0,0.0,0.0,0.0,0.0,0.0,0.0,0.0,-2.0022769883374316,-2.0022769883374316,-2.0022769883374316,0.0,0.0,0.0,-2.0022769883374316,-2.0022769883374316,-2.0022769883374316,0.0,0.0,0.0,-1.6239569484299177
28,2010-05-31,0.40534049381562237,-15.720135170688694,14.215799430783271,0.40534049381562237,0.40534049381562237,0.0,0.0,0.0,0.0,0.0,0.0,0.0,0.0,0.0,0.0,0.0,0.0,0.0,0.0,0.0,0.0,0.0,0.0,0.0,0.0,0.0,5.925479141,5.925479141,5.925479141,0.0,0.0,0.0,0.0,0.0,0.0,0.0,0.0,0.0,0.0,0.0,0.0,0.0,0.0,0.0,0.0,0.0,0.0,-0.6237706170259171,-0.6237706170259171,-0.6237706170259171,5.925479141,5.925479141,5.925479141,-6.549249758025917,-6.549249758025917,-6.549249758025917,0.0,0.0,0.0,-0.2184301232102947
29,2010-06-30,0.43148932017830804,-22.619715754987137,7.238451316951664,0.43148932017830804,0.43148932017830804,0.0,0.0,0.0,0.0,0.0,0.0,0.0,0.0,0.0,0.0,0.0,0.0,0.0,0.0,0.0,0.0,0.0,0.0,0.0,0.0,0.0,0.0,0.0,0.0,0.0,0.0,0.0,0.0,0.0,0.0,0.0,0.0,0.0,0.0,0.0,0.0,0.0,0.0,0.0,0.0,0.0,0.0,-8.396316945095167,-8.396316945095167,-8.396316945095167,0.0,0.0,0.0,-8.396316945095167,-8.396316945095167,-8.396316945095167,0.0,0.0,0.0,-7.964827624916859
30,2010-07-31,0.45850977367052764,-15.999525146946365,13.593780699898032,0.45850977367052764,0.45850977367052764,0.0,0.0,0.0,0.0,0.0,0.0,0.0,0.0,0.0,0.0,0.0,0.0,0.0,0.0,0.0,0.0,0.0,0.0,0.0,0.0,0.0,0.0,0.0,0.0,0.0,0.0,0.0,0.0,0.0,0.0,0.0,0.0,0.0,0.0,0.0,0.0,0.0,0.0,0.0,0.0,0.0,0.0,-1.890593386500349,-1.890593386500349,-1.890593386500349,0.0,0.0,0.0,-1.890593386500349,-1.890593386500349,-1.890593386500349,0.0,0.0,0.0,-1.4320836128298213
31,2010-08-31,0.4855302271627471,-14.061609372530786,16.052290932409303,0.4855302271627471,0.4855302271627471,0.0,0.0,0.0,0.0,0.0,0.0,0.0,0.0,0.0,0.0,0.0,0.0,0.0,0.0,0.0,0.0,0.0,0.0,0.0,0.0,0.0,0.0,0.0,0.0,0.0,0.0,0.0,0.0,0.0,0.0,0.0,0.0,0.0,0.0,0.0,0.0,0.0,0.0,0.0,0.0,0.0,0.0,0.7728895613245811,0.7728895613245811,0.7728895613245811,0.0,0.0,0.0,0.7728895613245811,0.7728895613245811,0.7728895613245811,0.0,0.0,0.0,1.2584197884873283
32,2010-09-30,0.5116790531229594,-16.75711138933607,12.473396028506956,0.5116790531229594,0.5116790531229594,0.0,0.0,0.0,0.0,0.0,0.0,0.0,0.0,0.0,0.0,0.0,0.0,0.0,0.0,0.0,0.0,0.0,0.0,0.0,0.0,0.0,0.0,0.0,0.0,0.0,0.0,0.0,0.0,0.0,0.0,0.0,0.0,0.0,0.0,0.0,0.0,0.0,0.0,0.0,0.0,0.0,0.0,-3.471534216565571,-3.471534216565571,-3.471534216565571,0.0,0.0,0.0,-3.471534216565571,-3.471534216565571,-3.471534216565571,0.0,0.0,0.0,-2.9598551634426116
33,2010-10-31,0.5386995066151787,-7.0963324109667925,22.810261077723677,0.5386995066151787,0.5386995066151787,0.0,0.0,0.0,0.0,0.0,0.0,0.0,0.0,0.0,0.0,0.0,0.0,0.0,0.0,0.0,0.0,0.0,0.0,0.0,0.0,0.0,0.0,0.0,0.0,0.0,0.0,0.0,0.0,0.0,0.0,0.0,0.0,0.0,0.0,0.0,0.0,0.0,0.0,0.0,0.0,0.0,0.0,6.700605236153245,6.700605236153245,6.700605236153245,0.0,0.0,0.0,6.700605236153245,6.700605236153245,6.700605236153245,0.0,0.0,0.0,7.239304742768423
34,2010-11-30,0.5648483275557445,-19.010343035257467,10.26446020542394,0.5648483275557445,0.5648483275557445,0.0,0.0,0.0,0.0,0.0,0.0,0.0,0.0,0.0,0.0,0.0,0.0,0.0,0.0,0.0,0.0,0.0,0.0,0.0,0.0,0.0,0.0,0.0,0.0,0.0,0.0,0.0,0.0,0.0,0.0,0.0,0.0,0.0,0.0,0.0,0.0,0.0,0.0,0.0,0.0,0.0,0.0,-5.201307046570497,-5.201307046570497,-5.201307046570497,0.0,0.0,0.0,-5.201307046570497,-5.201307046570497,-5.201307046570497,0.0,0.0,0.0,-4.636458719014752
35,2010-12-31,0.5918687758609958,-15.33260497845738,13.958112970830864,0.5918687758609958,0.5918687758609958,0.0,0.0,0.0,0.0,0.0,0.0,0.0,0.0,0.0,0.0,0.0,0.0,0.0,0.0,0.0,0.0,0.0,0.0,0.0,0.0,0.0,0.0,0.0,0.0,0.0,0.0,0.0,-6.525579176,-6.525579176,-6.525579176,0.0,0.0,0.0,0.0,0.0,0.0,0.0,0.0,0.0,0.0,0.0,0.0,-1.4439196729781107,-1.4439196729781107,-1.4439196729781107,-6.525579176,-6.525579176,-6.525579176,5.081659503021889,5.081659503021889,5.081659503021889,0.0,0.0,0.0,-0.8520508971171149
36,2011-01-31,0.618889224166247,-11.520455389497297,17.857826159753447,0.618889224166247,0.618889224166247,0.0,0.0,0.0,0.0,0.0,0.0,0.0,0.0,0.0,0.0,0.0,0.0,0.0,0.0,0.0,0.0,0.0,0.0,0.0,0.0,0.0,0.0,0.0,0.0,0.0,0.0,0.0,0.0,0.0,0.0,0.0,0.0,0.0,0.0,0.0,0.0,0.0,0.0,0.0,0.0,0.0,0.0,2.882190243590421,2.882190243590421,2.882190243590421,0.0,0.0,0.0,2.882190243590421,2.882190243590421,2.882190243590421,0.0,0.0,0.0,3.5010794677566683
37,2011-02-28,0.643294790377442,-19.503538264477616,11.055346053862289,0.643294790377442,0.643294790377442,0.0,0.0,0.0,0.0,0.0,0.0,0.0,0.0,0.0,0.0,0.0,0.0,0.0,0.0,0.0,0.0,0.0,0.0,0.0,0.0,0.0,0.0,0.0,0.0,0.0,0.0,0.0,0.0,0.0,0.0,0.0,0.0,0.0,0.0,0.0,0.0,0.0,0.0,0.0,0.0,0.0,0.0,-4.695034003847138,-4.695034003847138,-4.695034003847138,0.0,0.0,0.0,-4.695034003847138,-4.695034003847138,-4.695034003847138,0.0,0.0,0.0,-4.051739213469697
38,2011-03-31,0.6703152380515351,-5.330530423667711,24.05250356840932,0.6703152380515351,0.6703152380515351,0.0,0.0,0.0,0.0,0.0,0.0,0.0,0.0,0.0,0.0,0.0,0.0,0.0,0.0,0.0,0.0,0.0,0.0,0.0,0.0,0.0,0.0,0.0,0.0,0.0,0.0,0.0,0.0,0.0,0.0,0.0,0.0,0.0,0.0,0.0,0.0,0.0,0.0,0.0,0.0,0.0,0.0,9.090975292058216,9.090975292058216,9.090975292058216,0.0,0.0,0.0,9.090975292058216,9.090975292058216,9.090975292058216,0.0,0.0,0.0,9.76129053010975
39,2011-04-30,0.6964640583813028,-16.414182883754886,13.53731060739597,0.6964640583813028,0.6964640583813028,0.0,0.0,0.0,0.0,0.0,0.0,0.0,0.0,0.0,0.0,0.0,0.0,0.0,0.0,0.0,0.0,0.0,0.0,0.0,0.0,0.0,0.0,0.0,0.0,0.0,0.0,0.0,0.0,0.0,0.0,0.0,0.0,0.0,0.0,0.0,0.0,0.0,0.0,0.0,0.0,0.0,0.0,-2.387469502544603,-2.387469502544603,-2.387469502544603,0.0,0.0,0.0,-2.387469502544603,-2.387469502544603,-2.387469502544603,0.0,0.0,0.0,-1.6910054441633005
40,2011-05-31,0.7234845060553958,-21.617475624567508,9.939292643338508,0.7234845060553958,0.7234845060553958,0.0,0.0,0.0,0.0,0.0,0.0,0.0,0.0,0.0,0.0,0.0,0.0,0.0,0.0,0.0,0.0,0.0,0.0,0.0,0.0,0.0,0.0,0.0,0.0,0.0,0.0,0.0,0.0,0.0,0.0,0.0,0.0,0.0,0.0,0.0,0.0,0.0,0.0,0.0,0.0,0.0,0.0,-6.760885843709811,-6.760885843709811,-6.760885843709811,0.0,0.0,0.0,-6.760885843709811,-6.760885843709811,-6.760885843709811,0.0,0.0,0.0,-6.037401337654416
41,2011-06-30,0.7496333263851633,-24.314200582835362,5.836541067093554,0.7496333263851633,0.7496333263851633,0.0,0.0,0.0,0.0,0.0,0.0,0.0,0.0,0.0,0.0,0.0,0.0,0.0,0.0,0.0,0.0,0.0,0.0,0.0,0.0,0.0,0.0,0.0,0.0,0.0,0.0,0.0,0.0,0.0,0.0,0.0,0.0,0.0,0.0,0.0,0.0,0.0,0.0,0.0,0.0,0.0,0.0,-9.392760931570837,-9.392760931570837,-9.392760931570837,0.0,0.0,0.0,-9.392760931570837,-9.392760931570837,-9.392760931570837,0.0,0.0,0.0,-8.643127605185674
42,2011-07-31,0.7766537740592565,-15.232692030294487,15.059352249463148,0.7766537740592565,0.7766537740592565,0.0,0.0,0.0,0.0,0.0,0.0,0.0,0.0,0.0,0.0,0.0,0.0,0.0,0.0,0.0,0.0,0.0,0.0,0.0,0.0,0.0,0.0,0.0,0.0,0.0,0.0,0.0,0.0,0.0,0.0,0.0,0.0,0.0,0.0,0.0,0.0,0.0,0.0,0.0,0.0,0.0,0.0,-0.7246297695719293,-0.7246297695719293,-0.7246297695719293,0.0,0.0,0.0,-0.7246297695719293,-0.7246297695719293,-0.7246297695719293,0.0,0.0,0.0,0.05202400448732725
43,2011-08-31,0.8036742164664874,-13.32542733678289,16.43215288681759,0.8036742164664874,0.8036742164664874,0.0,0.0,0.0,0.0,0.0,0.0,0.0,0.0,0.0,0.0,0.0,0.0,0.0,0.0,0.0,0.0,0.0,0.0,0.0,0.0,0.0,0.0,0.0,0.0,0.0,0.0,0.0,0.0,0.0,0.0,0.0,0.0,0.0,0.0,0.0,0.0,0.0,0.0,0.0,0.0,0.0,0.0,0.9908695054759059,0.9908695054759059,0.9908695054759059,0.0,0.0,0.0,0.9908695054759059,0.9908695054759059,0.9908695054759059,0.0,0.0,0.0,1.7945437219423934
44,2011-09-30,0.8298230316992912,-19.106357411843337,11.172266184789043,0.8298230316992912,0.8298230316992912,0.0,0.0,0.0,0.0,0.0,0.0,0.0,0.0,0.0,0.0,0.0,0.0,0.0,0.0,0.0,0.0,0.0,0.0,0.0,0.0,0.0,0.0,0.0,0.0,0.0,0.0,0.0,0.0,0.0,0.0,0.0,0.0,0.0,0.0,0.0,0.0,0.0,0.0,0.0,0.0,0.0,0.0,-4.887863350756024,-4.887863350756024,-4.887863350756024,0.0,0.0,0.0,-4.887863350756024,-4.887863350756024,-4.887863350756024,0.0,0.0,0.0,-4.058040319056732
45,2011-10-31,0.8568434741065221,-5.485918486260155,24.238414804368126,0.8568434741065221,0.8568434741065221,0.0,0.0,0.0,0.0,0.0,0.0,0.0,0.0,0.0,0.0,0.0,0.0,0.0,0.0,0.0,0.0,0.0,0.0,0.0,0.0,0.0,0.0,0.0,0.0,0.0,0.0,0.0,0.0,0.0,0.0,0.0,0.0,0.0,0.0,0.0,0.0,0.0,0.0,0.0,0.0,0.0,0.0,8.416491774326422,8.416491774326422,8.416491774326422,0.0,0.0,0.0,8.416491774326422,8.416491774326422,8.416491774326422,0.0,0.0,0.0,9.273335248432945
46,2011-11-30,0.882992289339326,-19.744403127500302,9.430675093305139,0.882992289339326,0.882992289339326,0.0,0.0,0.0,0.0,0.0,0.0,0.0,0.0,0.0,0.0,0.0,0.0,0.0,0.0,0.0,0.0,0.0,0.0,0.0,0.0,0.0,0.0,0.0,0.0,0.0,0.0,0.0,0.0,0.0,0.0,0.0,0.0,0.0,0.0,0.0,0.0,0.0,0.0,0.0,0.0,0.0,0.0,-5.326606888991638,-5.326606888991638,-5.326606888991638,0.0,0.0,0.0,-5.326606888991638,-5.326606888991638,-5.326606888991638,0.0,0.0,0.0,-4.443614599652312
47,2011-12-31,0.9100127423284714,-9.770477949325185,18.46441351762159,0.9100127423284714,0.9100127423284714,0.0,0.0,0.0,0.0,0.0,0.0,0.0,0.0,0.0,0.0,0.0,0.0,0.0,0.0,0.0,0.0,0.0,0.0,0.0,0.0,0.0,0.0,0.0,0.0,0.0,0.0,0.0,0.0,0.0,0.0,0.0,0.0,0.0,0.0,0.0,0.0,0.0,0.0,0.0,0.0,0.0,0.0,3.5693588611501603,3.5693588611501603,3.5693588611501603,0.0,0.0,0.0,3.5693588611501603,3.5693588611501603,3.5693588611501603,0.0,0.0,0.0,4.479371603478632
48,2012-01-31,0.9370331953176168,-10.45316567244609,18.933581703267993,0.9370331953176168,0.9370331953176168,0.0,0.0,0.0,0.0,0.0,0.0,0.0,0.0,0.0,0.0,0.0,0.0,0.0,0.0,0.0,0.0,0.0,0.0,0.0,0.0,0.0,0.0,0.0,0.0,0.0,0.0,0.0,0.0,0.0,0.0,0.0,0.0,0.0,0.0,0.0,0.0,0.0,0.0,0.0,0.0,0.0,0.0,3.717725034348889,3.717725034348889,3.717725034348889,0.0,0.0,0.0,3.717725034348889,3.717725034348889,3.717725034348889,0.0,0.0,0.0,4.6547582296665055
49,2012-02-29,0.9623103932752044,-16.479202119478447,12.696541023500794,0.9623103932752044,0.9623103932752044,0.0,0.0,0.0,0.0,0.0,0.0,0.0,0.0,0.0,0.0,0.0,0.0,0.0,0.0,0.0,0.0,0.0,0.0,0.0,0.0,0.0,0.0,0.0,0.0,0.0,0.0,0.0,0.0,0.0,0.0,0.0,0.0,0.0,0.0,0.0,0.0,0.0,0.0,0.0,0.0,0.0,0.0,-2.8098880462125346,-2.8098880462125346,-2.8098880462125346,0.0,0.0,0.0,-2.8098880462125346,-2.8098880462125346,-2.8098880462125346,0.0,0.0,0.0,-1.8475776529373302
50,2012-03-31,0.9893308462643498,-8.094679401812327,21.507090553246005,0.9893308462643498,0.9893308462643498,0.0,0.0,0.0,0.0,0.0,0.0,0.0,0.0,0.0,0.0,0.0,0.0,0.0,0.0,0.0,0.0,0.0,0.0,0.0,0.0,0.0,0.0,0.0,0.0,0.0,0.0,0.0,0.0,0.0,0.0,0.0,0.0,0.0,0.0,0.0,0.0,0.0,0.0,0.0,0.0,0.0,0.0,5.1368734583428335,5.1368734583428335,5.1368734583428335,0.0,0.0,0.0,5.1368734583428335,5.1368734583428335,5.1368734583428335,0.0,0.0,0.0,6.1262043046071835
51,2012-04-30,1.0154796676364723,-14.59170461193133,14.818411726107389,1.0154796676364723,1.0154796676364723,0.0,0.0,0.0,0.0,0.0,0.0,0.0,0.0,0.0,0.0,0.0,0.0,0.0,0.0,0.0,0.0,0.0,0.0,0.0,0.0,0.0,0.0,0.0,0.0,0.0,0.0,0.0,0.0,0.0,0.0,0.0,0.0,0.0,0.0,0.0,0.0,0.0,0.0,0.0,0.0,0.0,0.0,-1.3000825770238311,-1.3000825770238311,-1.3000825770238311,0.0,0.0,0.0,-1.3000825770238311,-1.3000825770238311,-1.3000825770238311,0.0,0.0,0.0,-0.28460290938735877
52,2012-05-31,1.042500116387666,-19.392692021848383,9.882995088626606,1.042500116387666,1.042500116387666,0.0,0.0,0.0,0.0,0.0,0.0,0.0,0.0,0.0,0.0,0.0,0.0,0.0,0.0,0.0,0.0,0.0,0.0,0.0,0.0,0.0,0.0,0.0,0.0,0.0,0.0,0.0,0.0,0.0,0.0,0.0,0.0,0.0,0.0,0.0,0.0,0.0,0.0,0.0,0.0,0.0,0.0,-6.154065146381677,-6.154065146381677,-6.154065146381677,0.0,0.0,0.0,-6.154065146381677,-6.154065146381677,-6.154065146381677,0.0,0.0,0.0,-5.1115650299940105
53,2012-06-30,1.0686489377597885,-19.93653028279065,9.837210872492616,1.0686489377597885,1.0686489377597885,0.0,0.0,0.0,0.0,0.0,0.0,0.0,0.0,0.0,0.0,0.0,0.0,0.0,0.0,0.0,0.0,0.0,0.0,0.0,0.0,0.0,0.0,0.0,0.0,0.0,0.0,0.0,0.0,0.0,0.0,0.0,0.0,0.0,0.0,0.0,0.0,0.0,0.0,0.0,0.0,0.0,0.0,-6.3375190312616,-6.3375190312616,-6.3375190312616,0.0,0.0,0.0,-6.3375190312616,-6.3375190312616,-6.3375190312616,0.0,0.0,0.0,-5.268870093501811
54,2012-07-31,1.0956693865109821,-17.195457865651502,11.291573195600815,1.0956693865109821,1.0956693865109821,0.0,0.0,0.0,0.0,0.0,0.0,0.0,0.0,0.0,0.0,0.0,0.0,0.0,0.0,0.0,0.0,0.0,0.0,0.0,0.0,0.0,0.0,0.0,0.0,0.0,0.0,0.0,0.0,0.0,0.0,0.0,0.0,0.0,0.0,0.0,0.0,0.0,0.0,0.0,0.0,0.0,0.0,-4.176660471825636,-4.176660471825636,-4.176660471825636,0.0,0.0,0.0,-4.176660471825636,-4.176660471825636,-4.176660471825636,0.0,0.0,0.0,-3.080991085314654
55,2012-08-31,1.1226898497242273,-13.624533563937916,16.04150379877619,1.1226898497242273,1.1226898497242273,0.0,0.0,0.0,0.0,0.0,0.0,0.0,0.0,0.0,0.0,0.0,0.0,0.0,0.0,0.0,0.0,0.0,0.0,0.0,0.0,0.0,0.0,0.0,0.0,0.0,0.0,0.0,0.0,0.0,0.0,0.0,0.0,0.0,0.0,0.0,0.0,0.0,0.0,0.0,0.0,0.0,0.0,0.26342893530268574,0.26342893530268574,0.26342893530268574,0.0,0.0,0.0,0.26342893530268574,0.26342893530268574,0.26342893530268574,0.0,0.0,0.0,1.386118785026913
56,2012-09-30,1.148838685091884,-14.17119611836085,14.791279821005263,1.148838685091884,1.148838685091884,0.0,0.0,0.0,0.0,0.0,0.0,0.0,0.0,0.0,0.0,0.0,0.0,0.0,0.0,0.0,0.0,0.0,0.0,0.0,0.0,0.0,0.0,0.0,0.0,0.0,0.0,0.0,0.0,0.0,0.0,0.0,0.0,0.0,0.0,0.0,0.0,0.0,0.0,0.0,0.0,0.0,0.0,-0.5846379620192768,-0.5846379620192768,-0.5846379620192768,0.0,0.0,0.0,-0.5846379620192768,-0.5846379620192768,-0.5846379620192768,0.0,0.0,0.0,0.5642007230726072
57,2012-10-31,1.1758591483051288,-10.309793039439556,19.75334718911965,1.1758591483051288,1.1758591483051288,0.0,0.0,0.0,0.0,0.0,0.0,0.0,0.0,0.0,0.0,0.0,0.0,0.0,0.0,0.0,0.0,0.0,0.0,0.0,0.0,0.0,0.0,0.0,0.0,0.0,0.0,0.0,0.0,0.0,0.0,0.0,0.0,0.0,0.0,0.0,0.0,0.0,0.0,0.0,0.0,0.0,0.0,3.2935551993536754,3.2935551993536754,3.2935551993536754,0.0,0.0,0.0,3.2935551993536754,3.2935551993536754,3.2935551993536754,0.0,0.0,0.0,4.469414347658804
58,2012-11-30,1.2020079836727853,-19.031668530475255,10.948088987403171,1.2020079836727853,1.2020079836727853,0.0,0.0,0.0,0.0,0.0,0.0,0.0,0.0,0.0,0.0,0.0,0.0,0.0,0.0,0.0,0.0,0.0,0.0,0.0,0.0,0.0,0.0,0.0,0.0,0.0,0.0,0.0,0.0,0.0,0.0,0.0,0.0,0.0,0.0,0.0,0.0,0.0,0.0,0.0,0.0,0.0,0.0,-5.0496277959495135,-5.0496277959495135,-5.0496277959495135,0.0,0.0,0.0,-5.0496277959495135,-5.0496277959495135,-5.0496277959495135,0.0,0.0,0.0,-3.8476198122767284
59,2012-12-31,1.2290284433048944,-4.547562340447028,24.451134770073796,1.2290284433048944,1.2290284433048944,0.0,0.0,0.0,0.0,0.0,0.0,0.0,0.0,0.0,0.0,0.0,0.0,0.0,0.0,0.0,0.0,0.0,0.0,0.0,0.0,0.0,0.0,0.0,0.0,0.0,0.0,0.0,0.0,0.0,0.0,0.0,0.0,0.0,0.0,0.0,0.0,0.0,0.0,0.0,0.0,0.0,0.0,8.115437228746721,8.115437228746721,8.115437228746721,0.0,0.0,0.0,8.115437228746721,8.115437228746721,8.115437228746721,0.0,0.0,0.0,9.344465672051616
60,2013-01-31,1.2560489029370032,-11.950442876234478,17.59802238783658,1.2560489029370032,1.2560489029370032,0.0,0.0,0.0,0.0,0.0,0.0,0.0,0.0,0.0,0.0,0.0,0.0,0.0,0.0,0.0,0.0,0.0,0.0,0.0,0.0,0.0,0.0,0.0,0.0,0.0,0.0,0.0,0.0,0.0,0.0,0.0,0.0,0.0,0.0,0.0,0.0,0.0,0.0,0.0,0.0,0.0,0.0,1.2580818022753097,1.2580818022753097,1.2580818022753097,0.0,0.0,0.0,1.2580818022753097,1.2580818022753097,1.2580818022753097,0.0,0.0,0.0,2.514130705212313
61,2013-02-28,1.280454479378908,-16.990209447680634,12.86750536009821,1.280454479378908,1.280454479378908,0.0,0.0,0.0,0.0,0.0,0.0,0.0,0.0,0.0,0.0,0.0,0.0,0.0,0.0,0.0,0.0,0.0,0.0,0.0,0.0,0.0,0.0,0.0,0.0,0.0,0.0,0.0,0.0,0.0,0.0,0.0,0.0,0.0,0.0,0.0,0.0,0.0,0.0,0.0,0.0,0.0,0.0,-3.4524742377136755,-3.4524742377136755,-3.4524742377136755,0.0,0.0,0.0,-3.4524742377136755,-3.4524742377136755,-3.4524742377136755,0.0,0.0,0.0,-2.172019758334767
62,2013-03-31,1.3074749390110172,-6.953881311399927,23.013445898013664,1.3074749390110172,1.3074749390110172,0.0,0.0,0.0,0.0,0.0,0.0,0.0,0.0,0.0,0.0,0.0,0.0,0.0,0.0,0.0,0.0,0.0,0.0,0.0,0.0,0.0,0.0,0.0,0.0,0.0,0.0,0.0,0.0,0.0,0.0,0.0,0.0,0.0,0.0,0.0,0.0,0.0,0.0,0.0,0.0,0.0,0.0,6.457913720792628,6.457913720792628,6.457913720792628,0.0,0.0,0.0,6.457913720792628,6.457913720792628,6.457913720792628,0.0,0.0,0.0,7.765388659803645
63,2013-04-30,1.3336248384448113,-15.374781334157268,15.513408916103675,1.3336248384448113,1.3336248384448113,0.0,0.0,0.0,0.0,0.0,0.0,0.0,0.0,0.0,0.0,0.0,0.0,0.0,0.0,0.0,0.0,0.0,0.0,0.0,0.0,0.0,0.0,0.0,0.0,0.0,0.0,0.0,0.0,0.0,0.0,0.0,0.0,0.0,0.0,0.0,0.0,0.0,0.0,0.0,0.0,0.0,0.0,-1.6397268888600838,-1.6397268888600838,-1.6397268888600838,0.0,0.0,0.0,-1.6397268888600838,-1.6397268888600838,-1.6397268888600838,0.0,0.0,0.0,-0.3061020504152725
64,2013-05-31,1.360646401193065,-19.660000082895344,10.750372181408418,1.360646401193065,1.360646401193065,0.0,0.0,0.0,0.0,0.0,0.0,0.0,0.0,0.0,0.0,0.0,0.0,0.0,0.0,0.0,0.0,0.0,0.0,0.0,0.0,0.0,0.0,0.0,0.0,0.0,0.0,0.0,0.0,0.0,0.0,0.0,0.0,0.0,0.0,0.0,0.0,0.0,0.0,0.0,0.0,0.0,0.0,-6.346761043125436,-6.346761043125436,-6.346761043125436,0.0,0.0,0.0,-6.346761043125436,-6.346761043125436,-6.346761043125436,0.0,0.0,0.0,-4.986114641932371
65,2013-06-30,1.3867963006268593,-22.20716428947989,8.05458288733796,1.3867963006268593,1.3867963006268593,0.0,0.0,0.0,0.0,0.0,0.0,0.0,0.0,0.0,0.0,0.0,0.0,0.0,0.0,0.0,0.0,0.0,0.0,0.0,0.0,0.0,0.0,0.0,0.0,0.0,0.0,0.0,0.0,0.0,0.0,0.0,0.0,0.0,0.0,0.0,0.0,0.0,0.0,0.0,0.0,0.0,0.0,-7.377593926397502,-7.377593926397502,-7.377593926397502,0.0,0.0,0.0,-7.377593926397502,-7.377593926397502,-7.377593926397502,0.0,0.0,0.0,-5.990797625770643
66,2013-07-31,1.413817863375113,-15.382824879243985,13.732001657764982,1.413817863375113,1.413817863375113,0.0,0.0,0.0,0.0,0.0,0.0,0.0,0.0,0.0,0.0,0.0,0.0,0.0,0.0,0.0,0.0,0.0,0.0,0.0,0.0,0.0,0.0,0.0,0.0,0.0,0.0,0.0,0.0,0.0,0.0,0.0,0.0,0.0,0.0,0.0,0.0,0.0,0.0,0.0,0.0,0.0,0.0,-3.041647537867722,-3.041647537867722,-3.041647537867722,0.0,0.0,0.0,-3.041647537867722,-3.041647537867722,-3.041647537867722,0.0,0.0,0.0,-1.627829674492609
67,2013-08-31,1.440839426123367,-12.87179695076353,16.584352633519522,1.440839426123367,1.440839426123367,0.0,0.0,0.0,0.0,0.0,0.0,0.0,0.0,0.0,0.0,0.0,0.0,0.0,0.0,0.0,0.0,0.0,0.0,0.0,0.0,0.0,0.0,0.0,0.0,0.0,0.0,0.0,0.0,0.0,0.0,0.0,0.0,0.0,0.0,0.0,0.0,0.0,0.0,0.0,0.0,0.0,0.0,0.5303241093040858,0.5303241093040858,0.5303241093040858,0.0,0.0,0.0,0.5303241093040858,0.5303241093040858,0.5303241093040858,0.0,0.0,0.0,1.9711635354274528
68,2013-09-30,1.4669893257991569,-16.86527735432189,13.270916096144697,1.4669893257991569,1.4669893257991569,0.0,0.0,0.0,0.0,0.0,0.0,0.0,0.0,0.0,0.0,0.0,0.0,0.0,0.0,0.0,0.0,0.0,0.0,0.0,0.0,0.0,0.0,0.0,0.0,0.0,0.0,0.0,0.0,0.0,0.0,0.0,0.0,0.0,0.0,0.0,0.0,0.0,0.0,0.0,0.0,0.0,0.0,-2.036771315153118,-2.036771315153118,-2.036771315153118,0.0,0.0,0.0,-2.036771315153118,-2.036771315153118,-2.036771315153118,0.0,0.0,0.0,-0.5697819893539613
69,2013-10-31,1.4940108887974735,-8.35749337356892,21.75942527899518,1.4940108887974735,1.4940108887974735,0.0,0.0,0.0,0.0,0.0,0.0,0.0,0.0,0.0,0.0,0.0,0.0,0.0,0.0,0.0,0.0,0.0,0.0,0.0,0.0,0.0,0.0,0.0,0.0,0.0,0.0,0.0,0.0,0.0,0.0,0.0,0.0,0.0,0.0,0.0,0.0,0.0,0.0,0.0,0.0,0.0,0.0,4.9924378253169595,4.9924378253169595,4.9924378253169595,0.0,0.0,0.0,4.9924378253169595,4.9924378253169595,4.9924378253169595,0.0,0.0,0.0,6.486448714114433
70,2013-11-30,1.5201607884732635,-18.090541978460436,11.812130843241524,1.5201607884732635,1.5201607884732635,0.0,0.0,0.0,0.0,0.0,0.0,0.0,0.0,0.0,0.0,0.0,0.0,0.0,0.0,0.0,0.0,0.0,0.0,0.0,0.0,0.0,0.0,0.0,0.0,0.0,0.0,0.0,0.0,0.0,0.0,0.0,0.0,0.0,0.0,0.0,0.0,0.0,0.0,0.0,0.0,0.0,0.0,-5.108943022103543,-5.108943022103543,-5.108943022103543,0.0,0.0,0.0,-5.108943022103543,-5.108943022103543,-5.108943022103543,0.0,0.0,0.0,-3.5887822336302797
71,2013-12-31,1.5471823514715797,-7.451860724348494,22.854893697920588,1.5471823514715797,1.5471823514715797,0.0,0.0,0.0,0.0,0.0,0.0,0.0,0.0,0.0,0.0,0.0,0.0,0.0,0.0,0.0,0.0,0.0,0.0,0.0,0.0,0.0,0.0,0.0,0.0,0.0,0.0,0.0,0.0,0.0,0.0,0.0,0.0,0.0,0.0,0.0,0.0,0.0,0.0,0.0,0.0,0.0,0.0,6.5975284393932965,6.5975284393932965,6.5975284393932965,0.0,0.0,0.0,6.5975284393932965,6.5975284393932965,6.5975284393932965,0.0,0.0,0.0,8.144710790864876
72,2014-01-31,1.5742039198597217,-11.442472880469758,17.063783062130046,1.5742039198597217,1.5742039198597217,0.0,0.0,0.0,0.0,0.0,0.0,0.0,0.0,0.0,0.0,0.0,0.0,0.0,0.0,0.0,0.0,0.0,0.0,0.0,0.0,0.0,0.0,0.0,0.0,0.0,0.0,0.0,0.0,0.0,0.0,0.0,0.0,0.0,0.0,0.0,0.0,0.0,0.0,0.0,0.0,0.0,0.0,2.0622104698015797,2.0622104698015797,2.0622104698015797,0.0,0.0,0.0,2.0622104698015797,2.0622104698015797,2.0622104698015797,0.0,0.0,0.0,3.6364143896613017
73,2014-02-28,1.5986104977586892,-16.865239598142306,12.849874563449829,1.5986104977586892,1.5986104977586892,0.0,0.0,0.0,0.0,0.0,0.0,0.0,0.0,0.0,0.0,0.0,0.0,0.0,0.0,0.0,0.0,0.0,0.0,0.0,0.0,0.0,0.0,0.0,0.0,0.0,0.0,0.0,0.0,0.0,0.0,0.0,0.0,0.0,0.0,0.0,0.0,0.0,0.0,0.0,0.0,0.0,0.0,-4.080895056554864,-4.080895056554864,-4.080895056554864,0.0,0.0,0.0,-4.080895056554864,-4.080895056554864,-4.080895056554864,0.0,0.0,0.0,-2.4822845587961746
74,2014-03-31,1.6256320661468313,-5.85022927195709,24.399928491983832,1.6256320661468313,1.6256320661468313,0.0,0.0,0.0,0.0,0.0,0.0,0.0,0.0,0.0,0.0,0.0,0.0,0.0,0.0,0.0,0.0,0.0,0.0,0.0,0.0,0.0,0.0,0.0,0.0,0.0,0.0,0.0,0.0,0.0,0.0,0.0,0.0,0.0,0.0,0.0,0.0,0.0,0.0,0.0,0.0,0.0,0.0,7.776396655718769,7.776396655718769,7.776396655718769,0.0,0.0,0.0,7.776396655718769,7.776396655718769,7.776396655718769,0.0,0.0,0.0,9.4020287218656
75,2014-04-30,1.6517819710385817,-15.575112761646478,13.844056712760356,1.6517819710385817,1.6517819710385817,0.0,0.0,0.0,0.0,0.0,0.0,0.0,0.0,0.0,0.0,0.0,0.0,0.0,0.0,0.0,0.0,0.0,0.0,0.0,0.0,0.0,0.0,0.0,0.0,0.0,0.0,0.0,0.0,0.0,0.0,0.0,0.0,0.0,0.0,0.0,0.0,0.0,0.0,0.0,0.0,0.0,0.0,-2.0022769883389957,-2.0022769883389957,-2.0022769883389957,0.0,0.0,0.0,-2.0022769883389957,-2.0022769883389957,-2.0022769883389957,0.0,0.0,0.0,-0.350495017300414
76,2014-05-31,1.8471576328102193,-19.369394908615742,10.194708257766209,1.8471576328102193,1.8471576328102193,0.0,0.0,0.0,0.0,0.0,0.0,0.0,0.0,0.0,0.0,0.0,0.0,0.0,0.0,0.0,0.0,0.0,0.0,0.0,0.0,0.0,0.0,0.0,0.0,0.0,0.0,0.0,0.0,0.0,0.0,0.0,0.0,0.0,0.0,0.0,0.0,0.0,0.0,0.0,0.0,0.0,0.0,-6.549249758023386,-6.549249758023386,-6.549249758023386,0.0,0.0,0.0,-6.549249758023386,-6.549249758023386,-6.549249758023386,0.0,0.0,0.0,-4.702092125213166
77,2014-06-30,2.0362308538795495,-20.40872662260323,8.73601312082699,2.0362308538795495,2.0362308538795495,0.0,0.0,0.0,0.0,0.0,0.0,0.0,0.0,0.0,0.0,0.0,0.0,0.0,0.0,0.0,0.0,0.0,0.0,0.0,0.0,0.0,0.0,0.0,0.0,0.0,0.0,0.0,0.0,0.0,0.0,0.0,0.0,0.0,0.0,0.0,0.0,0.0,0.0,0.0,0.0,0.0,0.0,-8.39631694510018,-8.39631694510018,-8.39631694510018,0.0,0.0,0.0,-8.39631694510018,-8.39631694510018,-8.39631694510018,0.0,0.0,0.0,-6.36008609122063
78,2014-07-31,2.23160651565119,-14.167767992606564,15.945309421223225,2.23160651565119,2.23160651565119,0.0,0.0,0.0,0.0,0.0,0.0,0.0,0.0,0.0,0.0,0.0,0.0,0.0,0.0,0.0,0.0,0.0,0.0,0.0,0.0,0.0,0.0,0.0,0.0,0.0,0.0,0.0,0.0,0.0,0.0,0.0,0.0,0.0,0.0,0.0,0.0,0.0,0.0,0.0,0.0,0.0,0.0,-1.8905933865001299,-1.8905933865001299,-1.8905933865001299,0.0,0.0,0.0,-1.8905933865001299,-1.8905933865001299,-1.8905933865001299,0.0,0.0,0.0,0.3410131291510601
79,2014-08-31,2.4269821774228166,-11.29182992512498,19.436512815751247,2.4269821774228166,2.4269821774228166,0.0,0.0,0.0,0.0,0.0,0.0,0.0,0.0,0.0,0.0,0.0,0.0,0.0,0.0,0.0,0.0,0.0,0.0,0.0,0.0,0.0,0.0,0.0,0.0,0.0,0.0,0.0,0.0,0.0,0.0,0.0,0.0,0.0,0.0,0.0,0.0,0.0,0.0,0.0,0.0,0.0,0.0,0.7728895613187079,0.7728895613187079,0.7728895613187079,0.0,0.0,0.0,0.7728895613187079,0.7728895613187079,0.7728895613187079,0.0,0.0,0.0,3.1998717387415248
80,2014-09-30,2.949865509252116,-15.188617436277827,14.621498222008153,2.949865509252116,2.949865509252116,0.0,0.0,0.0,0.0,0.0,0.0,0.0,0.0,0.0,0.0,0.0,0.0,0.0,0.0,0.0,0.0,0.0,0.0,0.0,0.0,0.0,0.0,0.0,0.0,0.0,0.0,0.0,0.0,0.0,0.0,0.0,0.0,0.0,0.0,0.0,0.0,0.0,0.0,0.0,0.0,0.0,0.0,-3.4715342165720533,-3.4715342165720533,-3.4715342165720533,0.0,0.0,0.0,-3.4715342165720533,-3.4715342165720533,-3.4715342165720533,0.0,0.0,0.0,-0.5216687073199373
81,2014-10-31,3.490178285475725,-3.6288012452590186,24.714229893825504,3.490178285475725,3.490178285475725,0.0,0.0,0.0,0.0,0.0,0.0,0.0,0.0,0.0,0.0,0.0,0.0,0.0,0.0,0.0,0.0,0.0,0.0,0.0,0.0,0.0,0.0,0.0,0.0,0.0,0.0,0.0,0.0,0.0,0.0,0.0,0.0,0.0,0.0,0.0,0.0,0.0,0.0,0.0,0.0,0.0,0.0,6.700605236162856,6.700605236162856,6.700605236162856,0.0,0.0,0.0,6.700605236162856,6.700605236162856,6.700605236162856,0.0,0.0,0.0,10.190783521638581
82,2014-11-30,4.013061617305024,-16.571924409959305,13.374741100869562,4.013061617305024,4.013061617305024,0.0,0.0,0.0,0.0,0.0,0.0,0.0,0.0,0.0,0.0,0.0,0.0,0.0,0.0,0.0,0.0,0.0,0.0,0.0,0.0,0.0,0.0,0.0,0.0,0.0,0.0,0.0,0.0,0.0,0.0,0.0,0.0,0.0,0.0,0.0,0.0,0.0,0.0,0.0,0.0,0.0,0.0,-5.201307046568847,-5.201307046568847,-5.201307046568847,0.0,0.0,0.0,-5.201307046568847,-5.201307046568847,-5.201307046568847,0.0,0.0,0.0,-1.188245429263823
83,2014-12-31,4.553374393528649,-5.14248609867617,24.001672259823135,4.553374393528649,4.553374393528649,0.0,0.0,0.0,0.0,0.0,0.0,0.0,0.0,0.0,0.0,0.0,0.0,0.0,0.0,0.0,0.0,0.0,0.0,0.0,0.0,0.0,0.0,0.0,0.0,0.0,0.0,0.0,0.0,0.0,0.0,0.0,0.0,0.0,0.0,0.0,0.0,0.0,0.0,0.0,0.0,0.0,0.0,5.0816595030251275,5.0816595030251275,5.0816595030251275,0.0,0.0,0.0,5.0816595030251275,5.0816595030251275,5.0816595030251275,0.0,0.0,0.0,9.635033896553775
84,2015-01-31,5.60428848822729,-6.2932401523185595,22.266210814543967,5.60428848822729,5.60428848822729,0.0,0.0,0.0,0.0,0.0,0.0,0.0,0.0,0.0,0.0,0.0,0.0,0.0,0.0,0.0,0.0,0.0,0.0,0.0,0.0,0.0,0.0,0.0,0.0,0.0,0.0,0.0,0.0,0.0,0.0,0.0,0.0,0.0,0.0,0.0,0.0,0.0,0.0,0.0,0.0,0.0,0.0,2.8821902435771705,2.8821902435771705,2.8821902435771705,0.0,0.0,0.0,2.8821902435771705,2.8821902435771705,2.8821902435771705,0.0,0.0,0.0,8.48647873180446
85,2015-02-28,6.553501218922862,-12.773495452480669,16.749915256939147,6.553501218922862,6.553501218922862,0.0,0.0,0.0,0.0,0.0,0.0,0.0,0.0,0.0,0.0,0.0,0.0,0.0,0.0,0.0,0.0,0.0,0.0,0.0,0.0,0.0,0.0,0.0,0.0,0.0,0.0,0.0,0.0,0.0,0.0,0.0,0.0,0.0,0.0,0.0,0.0,0.0,0.0,0.0,0.0,0.0,0.0,-4.6950340038451115,-4.6950340038451115,-4.6950340038451115,0.0,0.0,0.0,-4.6950340038451115,-4.6950340038451115,-4.6950340038451115,0.0,0.0,0.0,1.8584672150777504
86,2015-03-31,7.604415313621503,1.693948696983828,31.269175911408407,7.604415313621503,7.604415313621503,0.0,0.0,0.0,0.0,0.0,0.0,0.0,0.0,0.0,0.0,0.0,0.0,0.0,0.0,0.0,0.0,0.0,0.0,0.0,0.0,0.0,0.0,0.0,0.0,0.0,0.0,0.0,0.0,0.0,0.0,0.0,0.0,0.0,0.0,0.0,0.0,0.0,0.0,0.0,0.0,0.0,0.0,9.090975292063021,9.090975292063021,9.090975292063021,0.0,0.0,0.0,9.090975292063021,9.090975292063021,9.090975292063021,0.0,0.0,0.0,16.695390605684523
87,2015-04-30,8.62142895365243,-8.402433000808973,21.179488094084974,8.62142895365243,8.62142895365243,0.0,0.0,0.0,0.0,0.0,0.0,0.0,0.0,0.0,0.0,0.0,0.0,0.0,0.0,0.0,0.0,0.0,0.0,0.0,0.0,0.0,0.0,0.0,0.0,0.0,0.0,0.0,0.0,0.0,0.0,0.0,0.0,0.0,0.0,0.0,0.0,0.0,0.0,0.0,0.0,0.0,0.0,-2.3874695025400174,-2.3874695025400174,-2.3874695025400174,0.0,0.0,0.0,-2.3874695025400174,-2.3874695025400174,-2.3874695025400174,0.0,0.0,0.0,6.233959451112412
88,2015-05-31,10.302005652559753,-12.499800752479524,17.84787208352217,10.302005652559753,10.302005652559753,0.0,0.0,0.0,0.0,0.0,0.0,0.0,0.0,0.0,0.0,0.0,0.0,0.0,0.0,0.0,0.0,0.0,0.0,0.0,0.0,0.0,0.0,0.0,0.0,0.0,0.0,0.0,0.0,0.0,0.0,0.0,0.0,0.0,0.0,0.0,0.0,0.0,0.0,0.0,0.0,0.0,0.0,-6.760885843709955,-6.760885843709955,-6.760885843709955,0.0,0.0,0.0,-6.760885843709955,-6.760885843709955,-6.760885843709955,0.0,0.0,0.0,3.541119808849798
89,2015-06-30,11.928370199889427,-12.843298512736478,17.243225783797886,11.928370199889427,11.928370199889427,0.0,0.0,0.0,0.0,0.0,0.0,0.0,0.0,0.0,0.0,0.0,0.0,0.0,0.0,0.0,0.0,0.0,0.0,0.0,0.0,0.0,0.0,0.0,0.0,0.0,0.0,0.0,0.0,0.0,0.0,0.0,0.0,0.0,0.0,0.0,0.0,0.0,0.0,0.0,0.0,0.0,0.0,-9.392760931573347,-9.392760931573347,-9.392760931573347,0.0,0.0,0.0,-9.392760931573347,-9.392760931573347,-9.392760931573347,0.0,0.0,0.0,2.5356092683160796
90,2015-07-31,13.608946898796772,-2.2292860532255157,27.782854479031844,13.608946898796772,13.608946898796772,0.0,0.0,0.0,0.0,0.0,0.0,0.0,0.0,0.0,0.0,0.0,0.0,0.0,0.0,0.0,0.0,0.0,0.0,0.0,0.0,0.0,0.0,0.0,0.0,0.0,0.0,0.0,0.0,0.0,0.0,0.0,0.0,0.0,0.0,0.0,0.0,0.0,0.0,0.0,0.0,0.0,0.0,-0.7246297695753776,-0.7246297695753776,-0.7246297695753776,0.0,0.0,0.0,-0.7246297695753776,-0.7246297695753776,-0.7246297695753776,0.0,0.0,0.0,12.884317129221394
91,2015-08-31,15.289523597704093,2.4010542513569644,29.76641611831654,15.289523597704093,15.289523597704093,0.0,0.0,0.0,0.0,0.0,0.0,0.0,0.0,0.0,0.0,0.0,0.0,0.0,0.0,0.0,0.0,0.0,0.0,0.0,0.0,0.0,0.0,0.0,0.0,0.0,0.0,0.0,0.0,0.0,0.0,0.0,0.0,0.0,0.0,0.0,0.0,0.0,0.0,0.0,0.0,0.0,0.0,0.9908695054706868,0.9908695054706868,0.9908695054706868,0.0,0.0,0.0,0.9908695054706868,0.9908695054706868,0.9908695054706868,0.0,0.0,0.0,16.28039310317478
92,2015-09-30,16.91588814503381,-3.6045892084804363,26.292752773800654,16.91588814503381,16.91588814503381,0.0,0.0,0.0,0.0,0.0,0.0,0.0,0.0,0.0,0.0,0.0,0.0,0.0,0.0,0.0,0.0,0.0,0.0,0.0,0.0,0.0,0.0,0.0,0.0,0.0,0.0,0.0,0.0,0.0,0.0,0.0,0.0,0.0,0.0,0.0,0.0,0.0,0.0,0.0,0.0,0.0,0.0,-4.887863350760928,-4.887863350760928,-4.887863350760928,0.0,0.0,0.0,-4.887863350760928,-4.887863350760928,-4.887863350760928,0.0,0.0,0.0,12.028024794272884
93,2015-10-31,19.301693546078067,12.280945214639788,42.28207922600986,19.301693546078067,19.301693546078067,0.0,0.0,0.0,0.0,0.0,0.0,0.0,0.0,0.0,0.0,0.0,0.0,0.0,0.0,0.0,0.0,0.0,0.0,0.0,0.0,0.0,0.0,0.0,0.0,0.0,0.0,0.0,0.0,0.0,0.0,0.0,0.0,0.0,0.0,0.0,0.0,0.0,0.0,0.0,0.0,0.0,0.0,8.416491774333691,8.416491774333691,8.416491774333691,0.0,0.0,0.0,8.416491774333691,8.416491774333691,8.416491774333691,0.0,0.0,0.0,27.718185320411756
94,2015-11-30,21.610537482572525,2.0588310452790504,31.51177722819581,21.610537482572525,21.610537482572525,0.0,0.0,0.0,0.0,0.0,0.0,0.0,0.0,0.0,0.0,0.0,0.0,0.0,0.0,0.0,0.0,0.0,0.0,0.0,0.0,0.0,0.0,0.0,0.0,0.0,0.0,0.0,0.0,0.0,0.0,0.0,0.0,0.0,0.0,0.0,0.0,0.0,0.0,0.0,0.0,0.0,0.0,-5.326606888995017,-5.326606888995017,-5.326606888995017,0.0,0.0,0.0,-5.326606888995017,-5.326606888995017,-5.326606888995017,0.0,0.0,0.0,16.28393059357751
95,2015-12-31,23.996342883616823,13.29984367945639,42.42379037796389,23.996342883616823,23.996342883616823,0.0,0.0,0.0,0.0,0.0,0.0,0.0,0.0,0.0,0.0,0.0,0.0,0.0,0.0,0.0,0.0,0.0,0.0,0.0,0.0,0.0,0.0,0.0,0.0,0.0,0.0,0.0,0.0,0.0,0.0,0.0,0.0,0.0,0.0,0.0,0.0,0.0,0.0,0.0,0.0,0.0,0.0,3.569358861140594,3.569358861140594,3.569358861140594,0.0,0.0,0.0,3.569358861140594,3.569358861140594,3.569358861140594,0.0,0.0,0.0,27.565701744757416
96,2016-01-31,26.382148284661117,13.990652164476154,45.00477211693158,26.382148284661117,26.382148284661117,0.0,0.0,0.0,0.0,0.0,0.0,0.0,0.0,0.0,0.0,0.0,0.0,0.0,0.0,0.0,0.0,0.0,0.0,0.0,0.0,0.0,0.0,0.0,0.0,0.0,0.0,0.0,0.0,0.0,0.0,0.0,0.0,0.0,0.0,0.0,0.0,0.0,0.0,0.0,0.0,0.0,0.0,3.7177250343496087,3.7177250343496087,3.7177250343496087,0.0,0.0,0.0,3.7177250343496087,3.7177250343496087,3.7177250343496087,0.0,0.0,0.0,30.099873319010726
97,2016-02-29,29.22167299093485,11.044609110628393,40.96113041662409,29.22167299093485,29.22167299093485,0.0,0.0,0.0,0.0,0.0,0.0,0.0,0.0,0.0,0.0,0.0,0.0,0.0,0.0,0.0,0.0,0.0,0.0,0.0,0.0,0.0,0.0,0.0,0.0,0.0,0.0,0.0,0.0,0.0,0.0,0.0,0.0,0.0,0.0,0.0,0.0,0.0,0.0,0.0,0.0,0.0,0.0,-2.8098880462186324,-2.8098880462186324,-2.8098880462186324,0.0,0.0,0.0,-2.8098880462186324,-2.8098880462186324,-2.8098880462186324,0.0,0.0,0.0,26.411784944716217
98,2016-03-31,32.25702698729639,21.745511608566755,51.77658601948597,32.25702698729639,32.25702698729639,0.0,0.0,0.0,0.0,0.0,0.0,0.0,0.0,0.0,0.0,0.0,0.0,0.0,0.0,0.0,0.0,0.0,0.0,0.0,0.0,0.0,0.0,0.0,0.0,0.0,0.0,0.0,0.0,0.0,0.0,0.0,0.0,0.0,0.0,0.0,0.0,0.0,0.0,0.0,0.0,0.0,0.0,5.13687345835514,5.13687345835514,5.13687345835514,0.0,0.0,0.0,5.13687345835514,5.13687345835514,5.13687345835514,0.0,0.0,0.0,37.39390044565153
99,2016-04-30,35.19446633861403,18.16307406033713,48.964351012539915,35.19446633861403,35.19446633861403,0.0,0.0,0.0,0.0,0.0,0.0,0.0,0.0,0.0,0.0,0.0,0.0,0.0,0.0,0.0,0.0,0.0,0.0,0.0,0.0,0.0,0.0,0.0,0.0,0.0,0.0,0.0,0.0,0.0,0.0,0.0,0.0,0.0,0.0,0.0,0.0,0.0,0.0,0.0,0.0,0.0,0.0,-1.3000825770303068,-1.3000825770303068,-1.3000825770303068,0.0,0.0,0.0,-1.3000825770303068,-1.3000825770303068,-1.3000825770303068,0.0,0.0,0.0,33.89438376158372
100,2016-05-31,38.22982033497557,18.426464515949004,48.44299393822522,38.22982033497557,38.22982033497557,0.0,0.0,0.0,0.0,0.0,0.0,0.0,0.0,0.0,0.0,0.0,0.0,0.0,0.0,0.0,0.0,0.0,0.0,0.0,0.0,0.0,0.0,0.0,0.0,0.0,0.0,0.0,0.0,0.0,0.0,0.0,0.0,0.0,0.0,0.0,0.0,0.0,0.0,0.0,0.0,0.0,0.0,-6.154065146379865,-6.154065146379865,-6.154065146379865,0.0,0.0,0.0,-6.154065146379865,-6.154065146379865,-6.154065146379865,0.0,0.0,0.0,32.07575518859571
101,2016-06-30,41.66222539314044,19.86147433137954,50.79786117963346,41.66222539314044,41.66222539314044,0.0,0.0,0.0,0.0,0.0,0.0,0.0,0.0,0.0,0.0,0.0,0.0,0.0,0.0,0.0,0.0,0.0,0.0,0.0,0.0,0.0,0.0,0.0,0.0,0.0,0.0,0.0,0.0,0.0,0.0,0.0,0.0,0.0,0.0,0.0,0.0,0.0,0.0,0.0,0.0,0.0,0.0,-6.337519031270498,-6.337519031270498,-6.337519031270498,0.0,0.0,0.0,-6.337519031270498,-6.337519031270498,-6.337519031270498,0.0,0.0,0.0,35.32470636186994
102,2016-07-31,45.209043953244134,25.017664832222877,55.85915332205448,45.209043953244134,45.209043953244134,0.0,0.0,0.0,0.0,0.0,0.0,0.0,0.0,0.0,0.0,0.0,0.0,0.0,0.0,0.0,0.0,0.0,0.0,0.0,0.0,0.0,0.0,0.0,0.0,0.0,0.0,0.0,0.0,0.0,0.0,0.0,0.0,0.0,0.0,0.0,0.0,0.0,0.0,0.0,0.0,0.0,0.0,-4.176660471818062,-4.176660471818062,-4.176660471818062,0.0,0.0,0.0,-4.176660471818062,-4.176660471818062,-4.176660471818062,0.0,0.0,0.0,41.03238348142607
103,2016-08-31,48.75586251334783,34.605993732153514,63.70697545026553,48.75586251334783,48.75586251334783,0.0,0.0,0.0,0.0,0.0,0.0,0.0,0.0,0.0,0.0,0.0,0.0,0.0,0.0,0.0,0.0,0.0,0.0,0.0,0.0,0.0,0.0,0.0,0.0,0.0,0.0,0.0,0.0,0.0,0.0,0.0,0.0,0.0,0.0,0.0,0.0,0.0,0.0,0.0,0.0,0.0,0.0,0.2634289353029707,0.2634289353029707,0.2634289353029707,0.0,0.0,0.0,0.2634289353029707,0.2634289353029707,0.2634289353029707,0.0,0.0,0.0,49.0192914486508
104,2016-09-30,52.18826757151279,37.19566194086084,66.39714539981892,52.18826757151279,52.18826757151279,0.0,0.0,0.0,0.0,0.0,0.0,0.0,0.0,0.0,0.0,0.0,0.0,0.0,0.0,0.0,0.0,0.0,0.0,0.0,0.0,0.0,0.0,0.0,0.0,0.0,0.0,0.0,0.0,0.0,0.0,0.0,0.0,0.0,0.0,0.0,0.0,0.0,0.0,0.0,0.0,0.0,0.0,-0.5846379620268245,-0.5846379620268245,-0.5846379620268245,0.0,0.0,0.0,-0.5846379620268245,-0.5846379620268245,-0.5846379620268245,0.0,0.0,0.0,51.603629609485964
105,2016-10-31,56.22594374416231,45.108643459443094,74.94254815388732,56.22594374416231,56.22594374416231,0.0,0.0,0.0,0.0,0.0,0.0,0.0,0.0,0.0,0.0,0.0,0.0,0.0,0.0,0.0,0.0,0.0,0.0,0.0,0.0,0.0,0.0,0.0,0.0,0.0,0.0,0.0,0.0,0.0,0.0,0.0,0.0,0.0,0.0,0.0,0.0,0.0,0.0,0.0,0.0,0.0,0.0,3.2935551993599614,3.2935551993599614,3.2935551993599614,0.0,0.0,0.0,3.2935551993599614,3.2935551993599614,3.2935551993599614,0.0,0.0,0.0,59.51949894352227
106,2016-11-30,60.13337229833923,39.54862733475317,69.99014155121534,60.13337229833923,60.13337229833923,0.0,0.0,0.0,0.0,0.0,0.0,0.0,0.0,0.0,0.0,0.0,0.0,0.0,0.0,0.0,0.0,0.0,0.0,0.0,0.0,0.0,0.0,0.0,0.0,0.0,0.0,0.0,0.0,0.0,0.0,0.0,0.0,0.0,0.0,0.0,0.0,0.0,0.0,0.0,0.0,0.0,0.0,-5.049627795944991,-5.049627795944991,-5.049627795944991,0.0,0.0,0.0,-5.049627795944991,-5.049627795944991,-5.049627795944991,0.0,0.0,0.0,55.08374450239424
107,2016-12-31,64.17104847098867,57.82443149973559,87.2952087471262,64.17104847098867,64.17104847098867,0.0,0.0,0.0,0.0,0.0,0.0,0.0,0.0,0.0,0.0,0.0,0.0,0.0,0.0,0.0,0.0,0.0,0.0,0.0,0.0,0.0,0.0,0.0,0.0,0.0,0.0,0.0,0.0,0.0,0.0,0.0,0.0,0.0,0.0,0.0,0.0,0.0,0.0,0.0,0.0,0.0,0.0,8.115437228738411,8.115437228738411,8.115437228738411,0.0,0.0,0.0,8.115437228738411,8.115437228738411,8.115437228738411,0.0,0.0,0.0,72.28648569972708
108,2017-01-31,68.20872464363819,53.71601913133898,83.25350497707562,68.20872464363819,68.20872464363819,0.0,0.0,0.0,0.0,0.0,0.0,0.0,0.0,0.0,0.0,0.0,0.0,0.0,0.0,0.0,0.0,0.0,0.0,0.0,0.0,0.0,0.0,0.0,0.0,0.0,0.0,0.0,0.0,0.0,0.0,0.0,0.0,0.0,0.0,0.0,0.0,0.0,0.0,0.0,0.0,0.0,0.0,1.2580818022708395,1.2580818022708395,1.2580818022708395,0.0,0.0,0.0,1.2580818022708395,1.2580818022708395,1.2580818022708395,0.0,0.0,0.0,69.46680644590903
109,2017-02-28,71.85565796086999,53.61815869926053,82.77916621266449,71.85565796086999,71.85565796086999,0.0,0.0,0.0,0.0,0.0,0.0,0.0,0.0,0.0,0.0,0.0,0.0,0.0,0.0,0.0,0.0,0.0,0.0,0.0,0.0,0.0,0.0,0.0,0.0,0.0,0.0,0.0,0.0,0.0,0.0,0.0,0.0,0.0,0.0,0.0,0.0,0.0,0.0,0.0,0.0,0.0,0.0,-3.452474237710533,-3.452474237710533,-3.452474237710533,0.0,0.0,0.0,-3.452474237710533,-3.452474237710533,-3.452474237710533,0.0,0.0,0.0,68.40318372315946
110,2017-03-31,75.89333413351952,68.20875120892823,96.70605174001304,75.89333413351952,75.89333413351952,0.0,0.0,0.0,0.0,0.0,0.0,0.0,0.0,0.0,0.0,0.0,0.0,0.0,0.0,0.0,0.0,0.0,0.0,0.0,0.0,0.0,0.0,0.0,0.0,0.0,0.0,0.0,0.0,0.0,0.0,0.0,0.0,0.0,0.0,0.0,0.0,0.0,0.0,0.0,0.0,0.0,0.0,6.457913720801722,6.457913720801722,6.457913720801722,0.0,0.0,0.0,6.457913720801722,6.457913720801722,6.457913720801722,0.0,0.0,0.0,82.35124785432124
111,2017-04-30,79.80076268769643,62.09089643309725,93.56072681625514,79.80076268769643,79.80076268769643,0.0,0.0,0.0,0.0,0.0,0.0,0.0,0.0,0.0,0.0,0.0,0.0,0.0,0.0,0.0,0.0,0.0,0.0,0.0,0.0,0.0,0.0,0.0,0.0,0.0,0.0,0.0,0.0,0.0,0.0,0.0,0.0,0.0,0.0,0.0,0.0,0.0,0.0,0.0,0.0,0.0,0.0,-1.6397268888604124,-1.6397268888604124,-1.6397268888604124,0.0,0.0,0.0,-1.6397268888604124,-1.6397268888604124,-1.6397268888604124,0.0,0.0,0.0,78.16103579883602
112,2017-05-31,83.83843886034596,63.10160008256708,92.72367816272192,83.83843886034596,83.83843886034596,0.0,0.0,0.0,0.0,0.0,0.0,0.0,0.0,0.0,0.0,0.0,0.0,0.0,0.0,0.0,0.0,0.0,0.0,0.0,0.0,0.0,0.0,0.0,0.0,0.0,0.0,0.0,0.0,0.0,0.0,0.0,0.0,0.0,0.0,0.0,0.0,0.0,0.0,0.0,0.0,0.0,0.0,-6.346761043121265,-6.346761043121265,-6.346761043121265,0.0,0.0,0.0,-6.346761043121265,-6.346761043121265,-6.346761043121265,0.0,0.0,0.0,77.4916778172247
113,2017-06-30,87.74586741452288,64.23073725844812,95.86593427519934,87.74586741452288,87.74586741452288,0.0,0.0,0.0,0.0,0.0,0.0,0.0,0.0,0.0,0.0,0.0,0.0,0.0,0.0,0.0,0.0,0.0,0.0,0.0,0.0,0.0,0.0,0.0,0.0,0.0,0.0,0.0,0.0,0.0,0.0,0.0,0.0,0.0,0.0,0.0,0.0,0.0,0.0,0.0,0.0,0.0,0.0,-7.377593926389481,-7.377593926389481,-7.377593926389481,0.0,0.0,0.0,-7.377593926389481,-7.377593926389481,-7.377593926389481,0.0,0.0,0.0,80.3682734881334
114,2017-07-31,91.78354358717232,73.62338939535239,104.75762408484135,91.78354358717232,91.78354358717232,0.0,0.0,0.0,0.0,0.0,0.0,0.0,0.0,0.0,0.0,0.0,0.0,0.0,0.0,0.0,0.0,0.0,0.0,0.0,0.0,0.0,0.0,0.0,0.0,0.0,0.0,0.0,0.0,0.0,0.0,0.0,0.0,0.0,0.0,0.0,0.0,0.0,0.0,0.0,0.0,0.0,0.0,-3.0416475378631986,-3.0416475378631986,-3.0416475378631986,0.0,0.0,0.0,-3.0416475378631986,-3.0416475378631986,-3.0416475378631986,0.0,0.0,0.0,88.74189604930912
115,2017-08-31,95.82121975982184,81.54110564805096,111.74393687617577,95.82121975982184,95.82121975982184,0.0,0.0,0.0,0.0,0.0,0.0,0.0,0.0,0.0,0.0,0.0,0.0,0.0,0.0,0.0,0.0,0.0,0.0,0.0,0.0,0.0,0.0,0.0,0.0,0.0,0.0,0.0,0.0,0.0,0.0,0.0,0.0,0.0,0.0,0.0,0.0,0.0,0.0,0.0,0.0,0.0,0.0,0.530324109296228,0.530324109296228,0.530324109296228,0.0,0.0,0.0,0.530324109296228,0.530324109296228,0.530324109296228,0.0,0.0,0.0,96.35154386911807
116,2017-09-30,99.72864831399876,83.31945747464876,112.02891705531816,99.72864831399876,99.72864831399876,0.0,0.0,0.0,0.0,0.0,0.0,0.0,0.0,0.0,0.0,0.0,0.0,0.0,0.0,0.0,0.0,0.0,0.0,0.0,0.0,0.0,0.0,0.0,0.0,0.0,0.0,0.0,0.0,0.0,0.0,0.0,0.0,0.0,0.0,0.0,0.0,0.0,0.0,0.0,0.0,0.0,0.0,-2.0367713151576514,-2.0367713151576514,-2.0367713151576514,0.0,0.0,0.0,-2.0367713151576514,-2.0367713151576514,-2.0367713151576514,0.0,0.0,0.0,97.69187699884111
117,2017-10-31,103.76632448664829,93.24386118925368,122.74194515733154,103.76632448664829,103.76632448664829,0.0,0.0,0.0,0.0,0.0,0.0,0.0,0.0,0.0,0.0,0.0,0.0,0.0,0.0,0.0,0.0,0.0,0.0,0.0,0.0,0.0,0.0,0.0,0.0,0.0,0.0,0.0,0.0,0.0,0.0,0.0,0.0,0.0,0.0,0.0,0.0,0.0,0.0,0.0,0.0,0.0,0.0,4.99243782532819,4.99243782532819,4.99243782532819,0.0,0.0,0.0,4.99243782532819,4.99243782532819,4.99243782532819,0.0,0.0,0.0,108.75876231197648
118,2017-11-30,107.6737530408252,88.3730624375488,117.24806195603934,107.6737530408252,107.6737530408252,0.0,0.0,0.0,0.0,0.0,0.0,0.0,0.0,0.0,0.0,0.0,0.0,0.0,0.0,0.0,0.0,0.0,0.0,0.0,0.0,0.0,0.0,0.0,0.0,0.0,0.0,0.0,0.0,0.0,0.0,0.0,0.0,0.0,0.0,0.0,0.0,0.0,0.0,0.0,0.0,0.0,0.0,-5.108943022099636,-5.108943022099636,-5.108943022099636,0.0,0.0,0.0,-5.108943022099636,-5.108943022099636,-5.108943022099636,0.0,0.0,0.0,102.56481001872557
119,2017-12-31,111.71142921347464,103.2140494508026,132.98872225011786,111.71142921347464,111.71142921347464,0.0,0.0,0.0,0.0,0.0,0.0,0.0,0.0,0.0,0.0,0.0,0.0,0.0,0.0,0.0,0.0,0.0,0.0,0.0,0.0,0.0,0.0,0.0,0.0,0.0,0.0,0.0,0.0,0.0,0.0,0.0,0.0,0.0,0.0,0.0,0.0,0.0,0.0,0.0,0.0,0.0,0.0,6.597528439384849,6.597528439384849,6.597528439384849,0.0,0.0,0.0,6.597528439384849,6.597528439384849,6.597528439384849,0.0,0.0,0.0,118.30895765285949
120,2018-01-31,115.74910538612416,102.52080793920625,132.11892493093606,115.74910538612416,115.74910538612416,0.0,0.0,0.0,0.0,0.0,0.0,0.0,0.0,0.0,0.0,0.0,0.0,0.0,0.0,0.0,0.0,0.0,0.0,0.0,0.0,0.0,0.0,0.0,0.0,0.0,0.0,0.0,0.0,0.0,0.0,0.0,0.0,0.0,0.0,0.0,0.0,0.0,0.0,0.0,0.0,0.0,0.0,2.0622104698025323,2.0622104698025323,2.0622104698025323,0.0,0.0,0.0,2.0622104698025323,2.0622104698025323,2.0622104698025323,0.0,0.0,0.0,117.8113158559267
121,2018-02-28,119.39603870335596,100.26467510602849,130.4266678248032,119.39603870335596,119.39603870335596,0.0,0.0,0.0,0.0,0.0,0.0,0.0,0.0,0.0,0.0,0.0,0.0,0.0,0.0,0.0,0.0,0.0,0.0,0.0,0.0,0.0,0.0,0.0,0.0,0.0,0.0,0.0,0.0,0.0,0.0,0.0,0.0,0.0,0.0,0.0,0.0,0.0,0.0,0.0,0.0,0.0,0.0,-4.080895056552001,-4.080895056552001,-4.080895056552001,0.0,0.0,0.0,-4.080895056552001,-4.080895056552001,-4.080895056552001,0.0,0.0,0.0,115.31514364680396
122,2018-03-31,123.4337148760054,115.85817434625842,147.17575304033363,123.4337148760054,123.4337148760054,0.0,0.0,0.0,0.0,0.0,0.0,0.0,0.0,0.0,0.0,0.0,0.0,0.0,0.0,0.0,0.0,0.0,0.0,0.0,0.0,0.0,0.0,0.0,0.0,0.0,0.0,0.0,0.0,0.0,0.0,0.0,0.0,0.0,0.0,0.0,0.0,0.0,0.0,0.0,0.0,0.0,0.0,7.776396655709192,7.776396655709192,7.776396655709192,0.0,0.0,0.0,7.776396655709192,7.776396655709192,7.776396655709192,0.0,0.0,0.0,131.21011153171457
123,2018-04-30,127.34114343018231,110.78340288501066,140.38110928253454,127.34114343018231,127.34114343018231,0.0,0.0,0.0,0.0,0.0,0.0,0.0,0.0,0.0,0.0,0.0,0.0,0.0,0.0,0.0,0.0,0.0,0.0,0.0,0.0,0.0,0.0,0.0,0.0,0.0,0.0,0.0,0.0,0.0,0.0,0.0,0.0,0.0,0.0,0.0,0.0,0.0,0.0,0.0,0.0,0.0,0.0,-2.00227698833824,-2.00227698833824,-2.00227698833824,0.0,0.0,0.0,-2.00227698833824,-2.00227698833824,-2.00227698833824,0.0,0.0,0.0,125.33886644184408
124,2018-05-31,131.37881960283184,110.50469635549294,139.51624982564542,131.37881960283184,131.37881960283184,0.0,0.0,0.0,0.0,0.0,0.0,0.0,0.0,0.0,0.0,0.0,0.0,0.0,0.0,0.0,0.0,0.0,0.0,0.0,0.0,0.0,0.0,0.0,0.0,0.0,0.0,0.0,0.0,0.0,0.0,0.0,0.0,0.0,0.0,0.0,0.0,0.0,0.0,0.0,0.0,0.0,0.0,-6.5492497580327464,-6.5492497580327464,-6.5492497580327464,0.0,0.0,0.0,-6.5492497580327464,-6.5492497580327464,-6.5492497580327464,0.0,0.0,0.0,124.8295698447991
125,2018-06-30,135.28624815700877,113.25896467909372,142.13420458626797,135.28624815700877,135.28624815700877,0.0,0.0,0.0,0.0,0.0,0.0,0.0,0.0,0.0,0.0,0.0,0.0,0.0,0.0,0.0,0.0,0.0,0.0,0.0,0.0,0.0,0.0,0.0,0.0,0.0,0.0,0.0,0.0,0.0,0.0,0.0,0.0,0.0,0.0,0.0,0.0,0.0,0.0,0.0,0.0,0.0,0.0,-8.396316945094227,-8.396316945094227,-8.396316945094227,0.0,0.0,0.0,-8.396316945094227,-8.396316945094227,-8.396316945094227,0.0,0.0,0.0,126.88993121191454
126,2018-07-31,139.3239243296583,121.71919452754584,152.16446089531837,139.3239243296583,139.3239243296583,0.0,0.0,0.0,0.0,0.0,0.0,0.0,0.0,0.0,0.0,0.0,0.0,0.0,0.0,0.0,0.0,0.0,0.0,0.0,0.0,0.0,0.0,0.0,0.0,0.0,0.0,0.0,0.0,0.0,0.0,0.0,0.0,0.0,0.0,0.0,0.0,0.0,0.0,0.0,0.0,0.0,0.0,-1.890593386509395,-1.890593386509395,-1.890593386509395,0.0,0.0,0.0,-1.890593386509395,-1.890593386509395,-1.890593386509395,0.0,0.0,0.0,137.4333309431489
127,2018-08-31,143.3616005023077,131.05489528565965,158.2775920354331,143.3616005023077,143.3616005023077,0.0,0.0,0.0,0.0,0.0,0.0,0.0,0.0,0.0,0.0,0.0,0.0,0.0,0.0,0.0,0.0,0.0,0.0,0.0,0.0,0.0,0.0,0.0,0.0,0.0,0.0,0.0,0.0,0.0,0.0,0.0,0.0,0.0,0.0,0.0,0.0,0.0,0.0,0.0,0.0,0.0,0.0,0.7728895613242736,0.7728895613242736,0.7728895613242736,0.0,0.0,0.0,0.7728895613242736,0.7728895613242736,0.7728895613242736,0.0,0.0,0.0,144.13449006363197
128,2018-09-30,147.26902905648464,129.08376640967884,158.8609824033249,147.26902905648464,147.26902905648464,0.0,0.0,0.0,0.0,0.0,0.0,0.0,0.0,0.0,0.0,0.0,0.0,0.0,0.0,0.0,0.0,0.0,0.0,0.0,0.0,0.0,0.0,0.0,0.0,0.0,0.0,0.0,0.0,0.0,0.0,0.0,0.0,0.0,0.0,0.0,0.0,0.0,0.0,0.0,0.0,0.0,0.0,-3.471534216563045,-3.471534216563045,-3.471534216563045,0.0,0.0,0.0,-3.471534216563045,-3.471534216563045,-3.471534216563045,0.0,0.0,0.0,143.7974948399216
129,2018-10-31,151.30670522913425,144.98476175524206,173.62516499324263,151.30670522913425,151.30670522913425,0.0,0.0,0.0,0.0,0.0,0.0,0.0,0.0,0.0,0.0,0.0,0.0,0.0,0.0,0.0,0.0,0.0,0.0,0.0,0.0,0.0,0.0,0.0,0.0,0.0,0.0,0.0,0.0,0.0,0.0,0.0,0.0,0.0,0.0,0.0,0.0,0.0,0.0,0.0,0.0,0.0,0.0,6.7006052361527555,6.7006052361527555,6.7006052361527555,0.0,0.0,0.0,6.7006052361527555,6.7006052361527555,6.7006052361527555,0.0,0.0,0.0,158.00731046528702
130,2018-11-30,155.21413378331118,135.00906083121885,164.7213953092132,155.21413378331118,155.21413378331118,0.0,0.0,0.0,0.0,0.0,0.0,0.0,0.0,0.0,0.0,0.0,0.0,0.0,0.0,0.0,0.0,0.0,0.0,0.0,0.0,0.0,0.0,0.0,0.0,0.0,0.0,0.0,0.0,0.0,0.0,0.0,0.0,0.0,0.0,0.0,0.0,0.0,0.0,0.0,0.0,0.0,0.0,-5.2013070465664315,-5.2013070465664315,-5.2013070465664315,0.0,0.0,0.0,-5.2013070465664315,-5.2013070465664315,-5.2013070465664315,0.0,0.0,0.0,150.01282673674476
131,2018-12-31,159.2518099559606,150.15961951293448,179.2737286535522,159.2518099559606,159.2518099559606,0.0,0.0,0.0,0.0,0.0,0.0,0.0,0.0,0.0,0.0,0.0,0.0,0.0,0.0,0.0,0.0,0.0,0.0,0.0,0.0,0.0,0.0,0.0,0.0,0.0,0.0,0.0,0.0,0.0,0.0,0.0,0.0,0.0,0.0,0.0,0.0,0.0,0.0,0.0,0.0,0.0,0.0,5.081659503021306,5.081659503021306,5.081659503021306,0.0,0.0,0.0,5.081659503021306,5.081659503021306,5.081659503021306,0.0,0.0,0.0,164.3334694589819
132,2019-01-31,163.28948612861004,151.55726176195222,181.19453430513266,163.2874917191564,163.28948612861004,0.0,0.0,0.0,0.0,0.0,0.0,0.0,0.0,0.0,0.0,0.0,0.0,0.0,0.0,0.0,0.0,0.0,0.0,0.0,0.0,0.0,0.0,0.0,0.0,0.0,0.0,0.0,0.0,0.0,0.0,0.0,0.0,0.0,0.0,0.0,0.0,0.0,0.0,0.0,0.0,0.0,0.0,2.8821902435885565,2.8821902435885565,2.8821902435885565,0.0,0.0,0.0,2.8821902435885565,2.8821902435885565,2.8821902435885565,0.0,0.0,0.0,166.1716763721986
133,2019-02-28,166.93641944584184,147.675769948762,176.45312054385855,166.86518473167007,167.02162448167434,0.0,0.0,0.0,0.0,0.0,0.0,0.0,0.0,0.0,0.0,0.0,0.0,0.0,0.0,0.0,0.0,0.0,0.0,0.0,0.0,0.0,0.0,0.0,0.0,0.0,0.0,0.0,0.0,0.0,0.0,0.0,0.0,0.0,0.0,0.0,0.0,0.0,0.0,0.0,0.0,0.0,0.0,-4.695034003842009,-4.695034003842009,-4.695034003842009,0.0,0.0,0.0,-4.695034003842009,-4.695034003842009,-4.695034003842009,0.0,0.0,0.0,162.24138544199982
134,2019-03-31,170.97409561849145,165.47467319197503,195.41780221522475,170.76214098289174,171.17099374485798,0.0,0.0,0.0,0.0,0.0,0.0,0.0,0.0,0.0,0.0,0.0,0.0,0.0,0.0,0.0,0.0,0.0,0.0,0.0,0.0,0.0,0.0,0.0,0.0,0.0,0.0,0.0,0.0,0.0,0.0,0.0,0.0,0.0,0.0,0.0,0.0,0.0,0.0,0.0,0.0,0.0,0.0,9.090975292042787,9.090975292042787,9.090975292042787,0.0,0.0,0.0,9.090975292042787,9.090975292042787,9.090975292042787,0.0,0.0,0.0,180.06507091053425
135,2019-04-30,174.8815241726683,157.4477982777435,187.44377001319276,174.49787769821245,175.21943284358304,0.0,0.0,0.0,0.0,0.0,0.0,0.0,0.0,0.0,0.0,0.0,0.0,0.0,0.0,0.0,0.0,0.0,0.0,0.0,0.0,0.0,0.0,0.0,0.0,0.0,0.0,0.0,0.0,0.0,0.0,0.0,0.0,0.0,0.0,0.0,0.0,0.0,0.0,0.0,0.0,0.0,0.0,-2.3874695025416823,-2.3874695025416823,-2.3874695025416823,0.0,0.0,0.0,-2.3874695025416823,-2.3874695025416823,-2.3874695025416823,0.0,0.0,0.0,172.49405467012662
136,2019-05-31,178.91920034531782,157.56190923865825,186.99548121276348,178.33859392098964,179.4124291554687,0.0,0.0,0.0,0.0,0.0,0.0,0.0,0.0,0.0,0.0,0.0,0.0,0.0,0.0,0.0,0.0,0.0,0.0,0.0,0.0,0.0,0.0,0.0,0.0,0.0,0.0,0.0,0.0,0.0,0.0,0.0,0.0,0.0,0.0,0.0,0.0,0.0,0.0,0.0,0.0,0.0,0.0,-6.760885843705767,-6.760885843705767,-6.760885843705767,0.0,0.0,0.0,-6.760885843705767,-6.760885843705767,-6.760885843705767,0.0,0.0,0.0,172.15831450161204
137,2019-06-30,182.8266288994948,158.8411958632024,188.59467292358843,182.0049627773375,183.50443945912804,0.0,0.0,0.0,0.0,0.0,0.0,0.0,0.0,0.0,0.0,0.0,0.0,0.0,0.0,0.0,0.0,0.0,0.0,0.0,0.0,0.0,0.0,0.0,0.0,0.0,0.0,0.0,0.0,0.0,0.0,0.0,0.0,0.0,0.0,0.0,0.0,0.0,0.0,0.0,0.0,0.0,0.0,-9.392760931563899,-9.392760931563899,-9.392760931563899,0.0,0.0,0.0,-9.392760931563899,-9.392760931563899,-9.392760931563899,0.0,0.0,0.0,173.4338679679309
138,2019-07-31,186.86430507214425,170.9466688235704,200.22710021334797,185.74316938254282,187.78409388752087,0.0,0.0,0.0,0.0,0.0,0.0,0.0,0.0,0.0,0.0,0.0,0.0,0.0,0.0,0.0,0.0,0.0,0.0,0.0,0.0,0.0,0.0,0.0,0.0,0.0,0.0,0.0,0.0,0.0,0.0,0.0,0.0,0.0,0.0,0.0,0.0,0.0,0.0,0.0,0.0,0.0,0.0,-0.7246297695652549,-0.7246297695652549,-0.7246297695652549,0.0,0.0,0.0,-0.7246297695652549,-0.7246297695652549,-0.7246297695652549,0.0,0.0,0.0,186.13967530257898
139,2019-08-31,190.9019812447937,175.60232503735278,206.83876044507943,189.4313772455884,192.0577160379915,0.0,0.0,0.0,0.0,0.0,0.0,0.0,0.0,0.0,0.0,0.0,0.0,0.0,0.0,0.0,0.0,0.0,0.0,0.0,0.0,0.0,0.0,0.0,0.0,0.0,0.0,0.0,0.0,0.0,0.0,0.0,0.0,0.0,0.0,0.0,0.0,0.0,0.0,0.0,0.0,0.0,0.0,0.9908695054782218,0.9908695054782218,0.9908695054782218,0.0,0.0,0.0,0.9908695054782218,0.9908695054782218,0.9908695054782218,0.0,0.0,0.0,191.89285075027192
140,2019-09-30,194.8094097989707,174.77361021853486,204.0541780847931,193.0025504989687,196.20601765349625,0.0,0.0,0.0,0.0,0.0,0.0,0.0,0.0,0.0,0.0,0.0,0.0,0.0,0.0,0.0,0.0,0.0,0.0,0.0,0.0,0.0,0.0,0.0,0.0,0.0,0.0,0.0,0.0,0.0,0.0,0.0,0.0,0.0,0.0,0.0,0.0,0.0,0.0,0.0,0.0,0.0,0.0,-4.887863350753667,-4.887863350753667,-4.887863350753667,0.0,0.0,0.0,-4.887863350753667,-4.887863350753667,-4.887863350753667,0.0,0.0,0.0,189.92154644821704
141,2019-10-31,198.84708597162015,190.90667665632685,221.4095020363488,196.66048475486753,200.55047647042105,0.0,0.0,0.0,0.0,0.0,0.0,0.0,0.0,0.0,0.0,0.0,0.0,0.0,0.0,0.0,0.0,0.0,0.0,0.0,0.0,0.0,0.0,0.0,0.0,0.0,0.0,0.0,0.0,0.0,0.0,0.0,0.0,0.0,0.0,0.0,0.0,0.0,0.0,0.0,0.0,0.0,0.0,8.416491774325268,8.416491774325268,8.416491774325268,0.0,0.0,0.0,8.416491774325268,8.416491774325268,8.416491774325268,0.0,0.0,0.0,207.2635777459454
142,2019-11-30,202.75451452579705,181.9882132931776,213.64596819124753,200.22161832394806,204.7709579284388,0.0,0.0,0.0,0.0,0.0,0.0,0.0,0.0,0.0,0.0,0.0,0.0,0.0,0.0,0.0,0.0,0.0,0.0,0.0,0.0,0.0,0.0,0.0,0.0,0.0,0.0,0.0,0.0,0.0,0.0,0.0,0.0,0.0,0.0,0.0,0.0,0.0,0.0,0.0,0.0,0.0,0.0,-5.326606888994796,-5.326606888994796,-5.326606888994796,0.0,0.0,0.0,-5.326606888994796,-5.326606888994796,-5.326606888994796,0.0,0.0,0.0,197.42790763680225
143,2019-12-31,206.7921906984465,195.43423570521415,225.34850790606043,203.78039538485035,209.10768051082434,0.0,0.0,0.0,0.0,0.0,0.0,0.0,0.0,0.0,0.0,0.0,0.0,0.0,0.0,0.0,0.0,0.0,0.0,0.0,0.0,0.0,0.0,0.0,0.0,0.0,0.0,0.0,0.0,0.0,0.0,0.0,0.0,0.0,0.0,0.0,0.0,0.0,0.0,0.0,0.0,0.0,0.0,3.5693588611476965,3.5693588611476965,3.5693588611476965,0.0,0.0,0.0,3.5693588611476965,3.5693588611476965,3.5693588611476965,0.0,0.0,0.0,210.36154955959418
144,2020-01-31,210.8298668710961,198.18305889996373,230.20319277359232,207.38730569027268,213.41547673840174,0.0,0.0,0.0,0.0,0.0,0.0,0.0,0.0,0.0,0.0,0.0,0.0,0.0,0.0,0.0,0.0,0.0,0.0,0.0,0.0,0.0,0.0,0.0,0.0,0.0,0.0,0.0,0.0,0.0,0.0,0.0,0.0,0.0,0.0,0.0,0.0,0.0,0.0,0.0,0.0,0.0,0.0,3.717725034358654,3.717725034358654,3.717725034358654,0.0,0.0,0.0,3.717725034358654,3.717725034358654,3.717725034358654,0.0,0.0,0.0,214.54759190545477
145,2020-02-29,214.60704780680032,196.1583892897381,225.99482039536485,210.75657824249527,217.4310023744048,0.0,0.0,0.0,0.0,0.0,0.0,0.0,0.0,0.0,0.0,0.0,0.0,0.0,0.0,0.0,0.0,0.0,0.0,0.0,0.0,0.0,0.0,0.0,0.0,0.0,0.0,0.0,0.0,0.0,0.0,0.0,0.0,0.0,0.0,0.0,0.0,0.0,0.0,0.0,0.0,0.0,0.0,-2.809888046217388,-2.809888046217388,-2.809888046217388,0.0,0.0,0.0,-2.809888046217388,-2.809888046217388,-2.809888046217388,0.0,0.0,0.0,211.79715976058293
146,2020-03-31,218.64472397944994,208.06043614155917,239.13602442457162,214.3915450693419,221.82028313676304,0.0,0.0,0.0,0.0,0.0,0.0,0.0,0.0,0.0,0.0,0.0,0.0,0.0,0.0,0.0,0.0,0.0,0.0,0.0,0.0,0.0,0.0,0.0,0.0,0.0,0.0,0.0,0.0,0.0,0.0,0.0,0.0,0.0,0.0,0.0,0.0,0.0,0.0,0.0,0.0,0.0,0.0,5.13687345834242,5.13687345834242,5.13687345834242,0.0,0.0,0.0,5.13687345834242,5.13687345834242,5.13687345834242,0.0,0.0,0.0,223.78159743779236
147,2020-04-30,222.55215253362687,205.1960859292523,236.17224522925576,217.83522182766256,226.1654029821779,0.0,0.0,0.0,0.0,0.0,0.0,0.0,0.0,0.0,0.0,0.0,0.0,0.0,0.0,0.0,0.0,0.0,0.0,0.0,0.0,0.0,0.0,0.0,0.0,0.0,0.0,0.0,0.0,0.0,0.0,0.0,0.0,0.0,0.0,0.0,0.0,0.0,0.0,0.0,0.0,0.0,0.0,-1.3000825770324007,-1.3000825770324007,-1.3000825770324007,0.0,0.0,0.0,-1.3000825770324007,-1.3000825770324007,-1.3000825770324007,0.0,0.0,0.0,221.25206995659445
148,2020-05-31,226.5898287062763,203.04007704605266,236.52326350606364,221.5200245985436,230.63213827141163,0.0,0.0,0.0,0.0,0.0,0.0,0.0,0.0,0.0,0.0,0.0,0.0,0.0,0.0,0.0,0.0,0.0,0.0,0.0,0.0,0.0,0.0,0.0,0.0,0.0,0.0,0.0,0.0,0.0,0.0,0.0,0.0,0.0,0.0,0.0,0.0,0.0,0.0,0.0,0.0,0.0,0.0,-6.1540651463772145,-6.1540651463772145,-6.1540651463772145,0.0,0.0,0.0,-6.1540651463772145,-6.1540651463772145,-6.1540651463772145,0.0,0.0,0.0,220.4357635598991
149,2020-06-30,230.4972572604533,207.6267264325213,238.50224079003888,224.9592900767518,234.9717386130591,0.0,0.0,0.0,0.0,0.0,0.0,0.0,0.0,0.0,0.0,0.0,0.0,0.0,0.0,0.0,0.0,0.0,0.0,0.0,0.0,0.0,0.0,0.0,0.0,0.0,0.0,0.0,0.0,0.0,0.0,0.0,0.0,0.0,0.0,0.0,0.0,0.0,0.0,0.0,0.0,0.0,0.0,-6.337519031260888,-6.337519031260888,-6.337519031260888,0.0,0.0,0.0,-6.337519031260888,-6.337519031260888,-6.337519031260888,0.0,0.0,0.0,224.1597382291924
150,2020-07-31,234.53493343310274,213.4679782368313,245.68069158117936,228.58859445604452,239.40248077410564,0.0,0.0,0.0,0.0,0.0,0.0,0.0,0.0,0.0,0.0,0.0,0.0,0.0,0.0,0.0,0.0,0.0,0.0,0.0,0.0,0.0,0.0,0.0,0.0,0.0,0.0,0.0,0.0,0.0,0.0,0.0,0.0,0.0,0.0,0.0,0.0,0.0,0.0,0.0,0.0,0.0,0.0,-4.176660471821831,-4.176660471821831,-4.176660471821831,0.0,0.0,0.0,-4.176660471821831,-4.176660471821831,-4.176660471821831,0.0,0.0,0.0,230.3582729612809
151,2020-08-31,238.57260960575218,222.19188652730648,255.09148676278133,232.1171732894582,243.9292784653891,0.0,0.0,0.0,0.0,0.0,0.0,0.0,0.0,0.0,0.0,0.0,0.0,0.0,0.0,0.0,0.0,0.0,0.0,0.0,0.0,0.0,0.0,0.0,0.0,0.0,0.0,0.0,0.0,0.0,0.0,0.0,0.0,0.0,0.0,0.0,0.0,0.0,0.0,0.0,0.0,0.0,0.0,0.26342893530534367,0.26342893530534367,0.26342893530534367,0.0,0.0,0.0,0.26342893530534367,0.26342893530534367,0.26342893530534367,0.0,0.0,0.0,238.83603854105752
152,2020-09-30,242.4800381599292,224.6335372422851,258.39416866996237,235.48990653967573,248.47223212118453,0.0,0.0,0.0,0.0,0.0,0.0,0.0,0.0,0.0,0.0,0.0,0.0,0.0,0.0,0.0,0.0,0.0,0.0,0.0,0.0,0.0,0.0,0.0,0.0,0.0,0.0,0.0,0.0,0.0,0.0,0.0,0.0,0.0,0.0,0.0,0.0,0.0,0.0,0.0,0.0,0.0,0.0,-0.5846379620237987,-0.5846379620237987,-0.5846379620237987,0.0,0.0,0.0,-0.5846379620237987,-0.5846379620237987,-0.5846379620237987,0.0,0.0,0.0,241.8954001979054
153,2020-10-31,246.51771433257872,232.75676540890413,264.40874556950274,239.03866527597486,252.93162129886795,0.0,0.0,0.0,0.0,0.0,0.0,0.0,0.0,0.0,0.0,0.0,0.0,0.0,0.0,0.0,0.0,0.0,0.0,0.0,0.0,0.0,0.0,0.0,0.0,0.0,0.0,0.0,0.0,0.0,0.0,0.0,0.0,0.0,0.0,0.0,0.0,0.0,0.0,0.0,0.0,0.0,0.0,3.2935551993703647,3.2935551993703647,3.2935551993703647,0.0,0.0,0.0,3.2935551993703647,3.2935551993703647,3.2935551993703647,0.0,0.0,0.0,249.81126953194908
154,2020-11-30,250.42514288675554,228.83366532035785,261.49930464194506,242.30449283257934,257.2903353403464,0.0,0.0,0.0,0.0,0.0,0.0,0.0,0.0,0.0,0.0,0.0,0.0,0.0,0.0,0.0,0.0,0.0,0.0,0.0,0.0,0.0,0.0,0.0,0.0,0.0,0.0,0.0,0.0,0.0,0.0,0.0,0.0,0.0,0.0,0.0,0.0,0.0,0.0,0.0,0.0,0.0,0.0,-5.049627795944455,-5.049627795944455,-5.049627795944455,0.0,0.0,0.0,-5.049627795944455,-5.049627795944455,-5.049627795944455,0.0,0.0,0.0,245.3755150908111
155,2020-12-31,254.46281905940515,245.11074374729935,279.0666941350105,245.73732007440455,261.83971927619194,0.0,0.0,0.0,0.0,0.0,0.0,0.0,0.0,0.0,0.0,0.0,0.0,0.0,0.0,0.0,0.0,0.0,0.0,0.0,0.0,0.0,0.0,0.0,0.0,0.0,0.0,0.0,0.0,0.0,0.0,0.0,0.0,0.0,0.0,0.0,0.0,0.0,0.0,0.0,0.0,0.0,0.0,8.115437228728553,8.115437228728553,8.115437228728553,0.0,0.0,0.0,8.115437228728553,8.115437228728553,8.115437228728553,0.0,0.0,0.0,262.57825628813373
156,2021-01-31,258.5004952320546,242.32228660666712,276.7062011980752,249.11451283976126,266.3373403657894,0.0,0.0,0.0,0.0,0.0,0.0,0.0,0.0,0.0,0.0,0.0,0.0,0.0,0.0,0.0,0.0,0.0,0.0,0.0,0.0,0.0,0.0,0.0,0.0,0.0,0.0,0.0,0.0,0.0,0.0,0.0,0.0,0.0,0.0,0.0,0.0,0.0,0.0,0.0,0.0,0.0,0.0,1.2580818022754596,1.2580818022754596,1.2580818022754596,0.0,0.0,0.0,1.2580818022754596,1.2580818022754596,1.2580818022754596,0.0,0.0,0.0,259.7585770343301
157,2021-02-28,262.1474285492864,239.37969748793793,274.4738677953072,252.15381772884191,270.51935313828596,0.0,0.0,0.0,0.0,0.0,0.0,0.0,0.0,0.0,0.0,0.0,0.0,0.0,0.0,0.0,0.0,0.0,0.0,0.0,0.0,0.0,0.0,0.0,0.0,0.0,0.0,0.0,0.0,0.0,0.0,0.0,0.0,0.0,0.0,0.0,0.0,0.0,0.0,0.0,0.0,0.0,0.0,-3.4524742377178805,-3.4524742377178805,-3.4524742377178805,0.0,0.0,0.0,-3.4524742377178805,-3.4524742377178805,-3.4524742377178805,0.0,0.0,0.0,258.69495431156855
158,2021-03-31,266.18510472193583,254.31214513375753,289.9065552529358,255.4438156928714,274.9821924623341,0.0,0.0,0.0,0.0,0.0,0.0,0.0,0.0,0.0,0.0,0.0,0.0,0.0,0.0,0.0,0.0,0.0,0.0,0.0,0.0,0.0,0.0,0.0,0.0,0.0,0.0,0.0,0.0,0.0,0.0,0.0,0.0,0.0,0.0,0.0,0.0,0.0,0.0,0.0,0.0,0.0,0.0,6.457913720791668,6.457913720791668,6.457913720791668,0.0,0.0,0.0,6.457913720791668,6.457913720791668,6.457913720791668,0.0,0.0,0.0,272.6430184427275
159,2021-04-30,270.0925332761128,250.00781500889713,285.0430366875854,258.6426979099715,279.44418610647233,0.0,0.0,0.0,0.0,0.0,0.0,0.0,0.0,0.0,0.0,0.0,0.0,0.0,0.0,0.0,0.0,0.0,0.0,0.0,0.0,0.0,0.0,0.0,0.0,0.0,0.0,0.0,0.0,0.0,0.0,0.0,0.0,0.0,0.0,0.0,0.0,0.0,0.0,0.0,0.0,0.0,0.0,-1.6397268888537513,-1.6397268888537513,-1.6397268888537513,0.0,0.0,0.0,-1.6397268888537513,-1.6397268888537513,-1.6397268888537513,0.0,0.0,0.0,268.45280638725905
160,2021-05-31,274.1302094487623,255.10310109895542,291.07614449406026,262.17379558830214,284.14252353034203,0.0,0.0,0.0,0.0,0.0,0.0,0.0,0.0,0.0,0.0,0.0,0.0,0.0,0.0,0.0,0.0,0.0,0.0,0.0,0.0,0.0,5.925479141,5.925479141,5.925479141,0.0,0.0,0.0,0.0,0.0,0.0,0.0,0.0,0.0,0.0,0.0,0.0,0.0,0.0,0.0,0.0,0.0,0.0,-0.4212819021258394,-0.4212819021258394,-0.4212819021258394,5.925479141,5.925479141,5.925479141,-6.34676104312584,-6.34676104312584,-6.34676104312584,0.0,0.0,0.0,273.70892754663646
161,2021-06-30,278.0376380029392,249.9309352462969,288.20675074265426,265.5988540644663,288.56646450011687,0.0,0.0,0.0,0.0,0.0,0.0,0.0,0.0,0.0,0.0,0.0,0.0,0.0,0.0,0.0,0.0,0.0,0.0,0.0,0.0,0.0,0.0,0.0,0.0,0.0,0.0,0.0,0.0,0.0,0.0,0.0,0.0,0.0,0.0,0.0,0.0,0.0,0.0,0.0,0.0,0.0,0.0,-7.377593926394007,-7.377593926394007,-7.377593926394007,0.0,0.0,0.0,-7.377593926394007,-7.377593926394007,-7.377593926394007,0.0,0.0,0.0,270.6600440765452
162,2021-07-31,282.0753141755888,258.86822012165703,298.3348429998396,269.17672488753624,293.13075780465914,0.0,0.0,0.0,0.0,0.0,0.0,0.0,0.0,0.0,0.0,0.0,0.0,0.0,0.0,0.0,0.0,0.0,0.0,0.0,0.0,0.0,0.0,0.0,0.0,0.0,0.0,0.0,0.0,0.0,0.0,0.0,0.0,0.0,0.0,0.0,0.0,0.0,0.0,0.0,0.0,0.0,0.0,-3.0416475378779415,-3.0416475378779415,-3.0416475378779415,0.0,0.0,0.0,-3.0416475378779415,-3.0416475378779415,-3.0416475378779415,0.0,0.0,0.0,279.03366663771084
163,2021-08-31,286.1129903482382,266.4137935402407,304.9568711268637,272.60791824522835,297.7298421613418,0.0,0.0,0.0,0.0,0.0,0.0,0.0,0.0,0.0,0.0,0.0,0.0,0.0,0.0,0.0,0.0,0.0,0.0,0.0,0.0,0.0,0.0,0.0,0.0,0.0,0.0,0.0,0.0,0.0,0.0,0.0,0.0,0.0,0.0,0.0,0.0,0.0,0.0,0.0,0.0,0.0,0.0,0.5303241092931678,0.5303241092931678,0.5303241092931678,0.0,0.0,0.0,0.5303241092931678,0.5303241092931678,0.5303241092931678,0.0,0.0,0.0,286.6433144575314
164,2021-09-30,290.0204189024151,267.30961277675874,307.6434440346868,275.7857161235947,302.3117389672958,0.0,0.0,0.0,0.0,0.0,0.0,0.0,0.0,0.0,0.0,0.0,0.0,0.0,0.0,0.0,0.0,0.0,0.0,0.0,0.0,0.0,0.0,0.0,0.0,0.0,0.0,0.0,0.0,0.0,0.0,0.0,0.0,0.0,0.0,0.0,0.0,0.0,0.0,0.0,0.0,0.0,0.0,-2.0367713151473286,-2.0367713151473286,-2.0367713151473286,0.0,0.0,0.0,-2.0367713151473286,-2.0367713151473286,-2.0367713151473286,0.0,0.0,0.0,287.98364758726774
